"symbol","name","sector","asset_class","market_value","weight_pct","notional_value","shares","CUSIP","ISIN","SEDOL","price","location","exchange","market_currency","fx_rate","accrual_date","date"
"GHC","GRAHAM HOLDINGS COMPANY CO CLASS B","Consumer Discretionary","Equity",5449873.75,0.032238,,8815,"939640108","US9396401088","2942003",618.25,"United States","New York Stock Exchange Inc.","USD",1,"-",2008-07-31
"MDP","MEREDITH CORP","Consumer Discretionary","Equity",1489406.76,0.00881,,58271,"589433101","US5894331017","2578516",25.56,"United States","New York Stock Exchange Inc.","USD",1,"-",2008-07-31
"ISRG","INTUITIVE SURGICAL INC","Health Care","Equity",18369222.9,0.108662,,59010,"46120E602","US46120E6023","2871301",311.29,"United States","NASDAQ","USD",1,"-",2008-07-31
"AZO","AUTOZONE INC","Consumer Discretionary","Equity",8571518.52,0.050704,,65788,"053332102","US0533321024","2065955",130.29,"United States","New York Stock Exchange Inc.","USD",1,"-",2008-07-31
"GAS.2","NICOR INC","Utilities","Equity",2741567.18,0.016218,,68849,"654086107","US6540861076","2639509",39.82,"United States","New York Stock Exchange Inc.","USD",1,"-",2008-07-31
"MX4A","CME GROUP INC CLASS A","Financials","Equity",29945889.89,0.177143,,83153,"12572Q105","US12572Q1058","B012KV5",360.13,"United States","Boerse Berlin","USD",1,"-",2008-07-31
"MIL.","MILLIPORE CORP","Health Care","Equity",5941972.05,0.035149,,84463,"601073109","US6010731098","2594437",70.35,"United States","New York Stock Exchange Inc.","USD",1,"-",2008-07-31
"ASH","ASHLAND GLOBAL INC","Materials","Equity",3569956.59,0.021118,,85467,"044209104","US0442091049","B0BVFJ5",41.77,"United States","New York Stock Exchange Inc.","USD",1,"-",2008-07-31
"SNA","SNAP ON INC","Consumer Discretionary","Equity",4938828.31,0.029215,,87739,"833034101","US8330341012","2818740",56.29,"United States","New York Stock Exchange Inc.","USD",1,"-",2008-07-31
"R","RYDER SYSTEM INC","Industrials","Equity",5813252.68,0.034388,,88133,"783549108","US7835491082","2760669",65.96,"United States","New York Stock Exchange Inc.","USD",1,"-",2008-07-31
"DDS","DILLARDS INC CLASS A","Consumer Discretionary","Equity",892389.48,0.005279,,88268,"254067101","US2540671011","2269768",10.11,"United States","New York Stock Exchange Inc.","USD",1,"-",2008-07-31
"RL","POLO RALPH LAUREN CORP.","Consumer Discretionary","Equity",5241870.3,0.031008,,88590,"731572103","US7315721032","2018409",59.17,"United States","New York Stock Exchange Inc.","USD",1,"-",2008-07-31
"HAR","HARMAN INTERNATIONAL INC","Consumer Discretionary","Equity",3695501.54,0.02186,,89762,"413086109","US4130861093","2411138",41.17,"United States","-","USD",1,"-",2008-07-31
"BDK","THE BLACK & DECKER CORPORATION","Consumer Discretionary","Equity",5598845.66,0.03312,,93283,"091797100","US0917971006","2101503",60.02,"United States","New York Stock Exchange Inc.","USD",1,"-",2008-07-31
"GWW","WW GRAINGER INC","Industrials","Equity",8916091.1,0.052743,,99610,"384802104","US3848021040","2380863",89.51,"United States","New York Stock Exchange Inc.","USD",1,"-",2008-07-31
"SHLDQ","SEARS HOLDINGS CORP","Consumer Discretionary","Equity",8686197.02,0.051383,,107237,"812350106","US8123501061","2634805",81,"United States","Non-Nms Quotation Service (Nnqs)","USD",1,"-",2008-07-31
"ICE","INTERCONTINENTALEXCHANGE INC.","Financials","Equity",10733090.8,0.063491,,107546,"45865V100","US45865V1008","B0PBS81",99.8,"United States","New York Stock Exchange Inc.","USD",1,"-",2008-07-31
"MA","MASTERCARD INC CLASS A","Information Technology","Equity",27117740.5,0.160413,,111070,"57636Q104","US57636Q1040","B121557",244.15,"United States","New York Stock Exchange Inc.","USD",1,"-",2008-07-31
"WHR","WHIRLPOOL CORP","Consumer Discretionary","Equity",8696567.4,0.051444,,114882,"963320106","US9633201069","2960384",75.7,"United States","New York Stock Exchange Inc.","USD",1,"-",2008-07-31
"TEG","INTEGRYS ENERGY GROUP INC.","Utilities","Equity",5961050.78,0.035262,,116746,"45822P105","US45822P1057","2982098",51.06,"United States","New York Stock Exchange Inc.","USD",1,"-",2008-07-31
"EMN","EASTMAN CHEMICAL","Materials","Equity",7006565.84,0.041447,,116854,"277432100","US2774321002","2298386",59.96,"United States","New York Stock Exchange Inc.","USD",1,"-",2008-07-31
"KBH","KB HOME","Consumer Discretionary","Equity",2056587.62,0.012166,,116918,"48666K109","US48666K1097","2485070",17.59,"United States","New York Stock Exchange Inc.","USD",1,"-",2008-07-31
"AVB","AVALONBAY COMMUNITIES REIT INC","Financials","Equity",11713831.09,0.069292,,117479,"053484101","US0534841012","2131179",99.71,"United States","New York Stock Exchange Inc.","USD",1,"-",2008-07-31
"MTZ","M&T BANK CORP","Financials","Equity",8272254.06,0.048934,,117537,"55261F104","US55261F1049","B0184C2",70.38,"United States","Xetra","USD",1,"-",2008-07-31
"SWK","STANLEY WORKS","Consumer Discretionary","Equity",5332306.88,0.031543,,119881,"854616109","US8546161097","2840549",44.48,"United States","New York Stock Exchange Inc.","USD",1,"-",2008-07-31
"MEE","MASSEY ENERGY CO.","Energy","Equity",9079809.75,0.053711,,122287,"576206106","US5762061068","2343662",74.25,"United States","New York Stock Exchange Inc.","USD",1,"-",2008-07-31
"IFF","INTERNATIONAL FLAVORS & FRAGRANCES","Materials","Equity",4999346,0.029573,,124300,"459506101","US4595061015","2464165",40.22,"United States","New York Stock Exchange Inc.","USD",1,"-",2008-07-31
"BIG","BIG LOTS INC","Consumer Discretionary","Equity",3791721.72,0.02243,,124482,"089302103","US0893021032","2218447",30.46,"United States","New York Stock Exchange Inc.","USD",1,"-",2008-07-31
"BFB","BROWN FORMAN CORP CLASS B","Consumer Staples","Equity",9243046.12,0.054677,,128447,"115637209","US1156372096","2146838",71.96,"United States","New York Stock Exchange Inc.","USD",1,"-",2008-07-31
"JNY","JONES GROUP INC","Consumer Discretionary","Equity",2208541.68,0.013064,,131932,"48020T101","US48020T1016","2477152",16.74,"United States","New York Stock Exchange Inc.","USD",1,"-",2008-07-31
"FHI","FEDERATED HERMES INC CLASS B","Financials","Equity",4345932.16,0.025708,,132256,"314211103","US3142111034","2246288",32.86,"United States","New York Stock Exchange Inc.","USD",1,"-",2008-07-31
"ANF","ABERCROMBIE AND FITCH CLASS A","Consumer Discretionary","Equity",7314882.96,0.043271,,132468,"002896207","US0028962076","2004185",55.22,"United States","New York Stock Exchange Inc.","USD",1,"-",2008-07-31
"WEN.2","WENDYS INTERNATIONAL INC.","Consumer Discretionary","Equity",3043881.45,0.018006,,132631,"950590109","US9505901093","2947956",22.95,"United States","New York Stock Exchange Inc.","USD",1,"-",2008-07-31
"VFC","VF CORP","Consumer Discretionary","Equity",9548414.1,0.056483,,133395,"918204108","US9182041080","2928683",71.58,"United States","New York Stock Exchange Inc.","USD",1,"-",2008-07-31
"SNI","SCRIPPS NETWORKS INTERACTIVE INC C","Consumer Discretionary","Equity",5554101.62,0.032855,,137003,"811065101","US8110651010","B39QT24",40.54,"United States","NASDAQ","USD",1,"-",2008-07-31
"SAF","SAFECO CORP","Financials","Equity",9092038,0.053783,,137425,"786429100","US7864291007","2766805",66.16,"United States","New York Stock Exchange Inc.","USD",1,"-",2008-07-31
"TMK","TORCHMARK CORP","Financials","Equity",7992498.15,0.047279,,137683,"891027104","US8910271043","2896713",58.05,"United States","New York Stock Exchange Inc.","USD",1,"-",2008-07-31
"CIEN","CIENA CORP","Information Technology","Equity",2847705.87,0.016845,,137770,"171779309","US1717793095","B1FLZ21",20.67,"United States","New York Stock Exchange Inc.","USD",1,"-",2008-07-31
"AIV","APARTMENT INVESTMENT AND MANAGEMEN","Financials","Equity",4719902.1,0.02792,,138130,"03748R101","US03748R1014","2057059",34.17,"United States","New York Stock Exchange Inc.","USD",1,"-",2008-07-31
"LXK","LEXMARK INTERNATIONAL INC.","Information Technology","Equity",5066744.72,0.029972,,144434,"529771107","US5297711070","2511908",35.08,"United States","New York Stock Exchange Inc.","USD",1,"-",2008-07-31
"AIZ","ASSURANT INC","Financials","Equity",8772890.76,0.051895,,145923,"04621X108","US04621X1081","2331430",60.12,"United States","New York Stock Exchange Inc.","USD",1,"-",2008-07-31
"ACS","AFFILIATED COMPUTER SERVICES INC.","Information Technology","Equity",7079905.2,0.041881,,146886,"008190100","US0081901003","2034524",48.2,"United States","New York Stock Exchange Inc.","USD",1,"-",2008-07-31
"FNP","FIFTH & PACIFIC CO INC","Consumer Discretionary","Equity",1926740.19,0.011397,,147417,"539320101","US5393201018","2519861",13.07,"United States","New York Stock Exchange Inc.","USD",1,"-",2008-07-31
"COG","CABOT OIL & GAS CORP","Energy","Equity",6537509.46,0.038672,,148546,"127097103","US1270971039","2162340",44.01,"United States","New York Stock Exchange Inc.","USD",1,"-",2008-07-31
"BLL","BALL CORP","Materials","Equity",6657309.72,0.039381,,149334,"058498106","US0584981064","2073022",44.58,"United States","New York Stock Exchange Inc.","USD",1,"-",2008-07-31
"TIE","TITANIUM METALS CORP.","Materials","Equity",1697366.18,0.010041,,150743,"888339207","US8883392073","2340931",11.26,"United States","New York Stock Exchange Inc.","USD",1,"-",2008-07-31
"SHW","SHERWIN WILLIAMS","Consumer Discretionary","Equity",8073179.25,0.047756,,151609,"824348106","US8243481061","2804211",53.25,"United States","New York Stock Exchange Inc.","USD",1,"-",2008-07-31
"BCR","C R BARD INC","Health Care","Equity",14095804.36,0.083383,,151829,"067383109","US0673831097","2077905",92.84,"United States","New York Stock Exchange Inc.","USD",1,"-",2008-07-31
"WAT","WATER CORP","Health Care","Equity",10380077.02,0.061403,,152783,"941848103","US9418481035","2937689",67.94,"United States","New York Stock Exchange Inc.","USD",1,"-",2008-07-31
"BMS","BEMIS INC","Materials","Equity",4304762.88,0.025465,,152868,"081437105","US0814371052","2090173",28.16,"United States","New York Stock Exchange Inc.","USD",1,"-",2008-07-31
"PNW","PINNACLE WEST CORP","Utilities","Equity",5133591.54,0.030367,,152922,"723484101","US7234841010","2048804",33.57,"United States","New York Stock Exchange Inc.","USD",1,"-",2008-07-31
"TEX","TEREX CORP","Industrials","Equity",7272775.13,0.043022,,153661,"880779103","US8807791038","2884224",47.33,"United States","New York Stock Exchange Inc.","USD",1,"-",2008-07-31
"NVLS","NOVELLUS SYSTEMS INC.","Information Technology","Equity",3139363.29,0.018571,,154117,"670008101","US6700081010","2650748",20.37,"United States","NASDAQ","USD",1,"-",2008-07-31
"ATI","ALLEGHENY TECHNOLOGIES INC","Materials","Equity",7299495.24,0.04318,,154356,"01741R102","US01741R1023","2526117",47.29,"United States","New York Stock Exchange Inc.","USD",1,"-",2008-07-31
"WPI","WATSON PHARMACEUTICALS","Health Care","Equity",4588248.28,0.027141,,158708,"942683103","US9426831031","2943545",28.91,"United States","New York Stock Exchange Inc.","USD",1,"-",2008-07-31
"DVA","DAVITA INC","Health Care","Equity",8915726.45,0.05274,,159637,"23918K108","US23918K1088","2898087",55.85,"United States","New York Stock Exchange Inc.","USD",1,"-",2008-07-31
"LUMN","LUMEN TECHNOLOGIES INC","Telecommunication Services","Equity",6015445.31,0.035584,,161749,"156700106","US1567001060","2185046",37.19,"United States","New York Stock Exchange Inc.","USD",1,"-",2008-07-31
"AVY","AVERY DENNISON CORP","Industrials","Equity",7144583.4,0.042263,,162340,"053611109","US0536111091","2066408",44.01,"United States","New York Stock Exchange Inc.","USD",1,"-",2008-07-31
"ZION","ZIONS BANCORPORATION","Financials","Equity",4798143.29,0.028383,,163927,"989701107","US9897011071","2989828",29.27,"United States","NASDAQ","USD",1,"-",2008-07-31
"BRL","BARR PHARMACEUTICALS INC.","Health Care","Equity",10870402.94,0.064303,,164753,"068306109","US0683061099","2081779",65.98,"United States","New York Stock Exchange Inc.","USD",1,"-",2008-07-31
"VMC","VULCAN MATERIALS","Materials","Equity",10713439.38,0.063375,,166902,"929160109","US9291601097","2931205",64.19,"United States","New York Stock Exchange Inc.","USD",1,"-",2008-07-31
"LH","LABORATORY CORPORATION OF AMERICA","Health Care","Equity",11484815.52,0.067938,,169944,"50540R409","US50540R4092","2586122",67.58,"United States","New York Stock Exchange Inc.","USD",1,"-",2008-07-31
"AKS","AK STEEL HOLDING CORP","Materials","Equity",10835195.5,0.064095,,170633,"001547108","US0015471081","2067735",63.5,"United States","New York Stock Exchange Inc.","USD",1,"-",2008-07-31
"RDC","ROWAN COMPANIES PLC","Energy","Equity",6821282.2,0.040351,,171389,"779382100","US7793821007","2753197",39.8,"United States","New York Stock Exchange Inc.","USD",1,"-",2008-07-31
"HPC","HERCULES INC.","Materials","Equity",3473722.65,0.020549,,173253,"427056106","US4270561065","2422442",20.05,"United States","New York Stock Exchange Inc.","USD",1,"-",2008-07-31
"EL","ESTEE LAUDER INC CLASS A","Consumer Staples","Equity",7679970.9,0.04543,,174149,"518439104","US5184391044","2320524",44.1,"United States","New York Stock Exchange Inc.","USD",1,"-",2008-07-31
"USX1","US STEEL CORP","Materials","Equity",28800014.56,0.170364,,179596,"912909108","US9129091081","B1C5WK3",160.36,"United States","Deutsche Boerse Xetra","USD",1,"-",2008-07-31
"SUN","SUNOCO INC.","Energy","Equity",7304480.09,0.043209,,179869,"86764P109","US86764P1093","2859868",40.61,"United States","New York Stock Exchange Inc.","USD",1,"-",2008-07-31
"PKI","PERKINELMER INC","Health Care","Equity",5249174.4,0.031051,,180384,"714046109","US7140461093","2305844",29.1,"United States","New York Stock Exchange Inc.","USD",1,"-",2008-07-31
"BXP","BOSTON PROPERTIES REIT INC","Financials","Equity",17560446.4,0.103878,,182560,"101121101","US1011211018","2019479",96.19,"United States","New York Stock Exchange Inc.","USD",1,"-",2008-07-31
"DDR","DEVELOPERS DIVERSIFIED REALTY CORP","Financials","Equity",5841712.72,0.034556,,182782,"251591103","US2515911038","2259060",31.96,"United States","New York Stock Exchange Inc.","USD",1,"-",2008-07-31
"PLL","PALL CORP","Industrials","Equity",7430287.34,0.043953,,183827,"696429307","US6964293079","2668804",40.42,"United States","New York Stock Exchange Inc.","USD",1,"-",2008-07-31
"PDCO","PATTERSON COMPANIES INC","Health Care","Equity",5783514.93,0.034212,,185191,"703395103","US7033951036","2672689",31.23,"United States","NASDAQ","USD",1,"-",2008-07-31
"J","JACOBS ENGINEERING GROUP INC","Industrials","Equity",14345796.6,0.084862,,185490,"469814107","US4698141078","2469052",77.34,"United States","New York Stock Exchange Inc.","USD",1,"-",2008-07-31
"CTX","CENTEX CORP.","Consumer Discretionary","Equity",2743530.52,0.016229,,186889,"152312104","US1523121044","2183244",14.68,"United States","New York Stock Exchange Inc.","USD",1,"-",2008-07-31
"LLL","L3 TECHNOLOGIES INC","Industrials","Equity",18455622.14,0.109173,,187006,"502424104","US5024241045","2247366",98.69,"United States","New York Stock Exchange Inc.","USD",1,"-",2008-07-31
"MTG","MGIC INVESTMENT CORP","Financials","Equity",1205523.2,0.007131,,188363,"552848103","US5528481030","2548616",6.4,"United States","New York Stock Exchange Inc.","USD",1,"-",2008-07-31
"PSA","PUBLIC STORAGE REIT","Financials","Equity",15457883.96,0.09144,,188764,"74460D109","US74460D1090","2852533",81.89,"United States","New York Stock Exchange Inc.","USD",1,"-",2008-07-31
"GR","GOODRICH CORP","Industrials","Equity",9386870.22,0.055527,,191023,"382388106","US3823881061","2377809",49.14,"United States","New York Stock Exchange Inc.","USD",1,"-",2008-07-31
"ROH","ROHM & HAAS CO.","Materials","Equity",14344050,0.084851,,191254,"775371107","US7753711073","2746829",75,"United States","New York Stock Exchange Inc.","USD",1,"-",2008-07-31
"CVG","CONVERGYS CORP","Information Technology","Equity",2430741.9,0.014379,,191397,"212485106","US2124851062","2284761",12.7,"United States","New York Stock Exchange Inc.","USD",1,"-",2008-07-31
"VAR","VARIAN MEDICAL SYSTEMS INC","Health Care","Equity",11530560,0.068208,,192176,"92220P105","US92220P1057","2927516",60,"United States","New York Stock Exchange Inc.","USD",1,"-",2008-07-31
"MWW","MONSTER WORLDWIDE INC.","Industrials","Equity",3413335.66,0.020191,,192409,"611742107","US6117421072","2892045",17.74,"United States","New York Stock Exchange Inc.","USD",1,"-",2008-07-31
"TIF","TIFFANY","Consumer Discretionary","Equity",7296833.31,0.043164,,193089,"886547108","US8865471085","2892090",37.79,"United States","New York Stock Exchange Inc.","USD",1,"-",2008-07-31
"MKC","MCCORMICK & CO NON-VOTING INC","Consumer Staples","Equity",7862727.8,0.046511,,196078,"579780206","US5797802064","2550161",40.1,"United States","New York Stock Exchange Inc.","USD",1,"-",2008-07-31
"SIAL","SIGMA ALDRICH CORP","Materials","Equity",11963107.44,0.070767,,196956,"826552101","US8265521018","2807566",60.74,"United States","NASDAQ","USD",1,"-",2008-07-31
"APOL","APOLLO EDUCATION GROUP INC CLASS A","Consumer Discretionary","Equity",12350300.59,0.073057,,198271,"037604105","US0376041051","2043694",62.29,"United States","NASDAQ","USD",1,"-",2008-07-31
"EFX","EQUIFAX INC","Industrials","Equity",6963996.49,0.041195,,198461,"294429105","US2944291051","2319146",35.09,"United States","New York Stock Exchange Inc.","USD",1,"-",2008-07-31
"MTW","MANITOWOC INC","Industrials","Equity",5236071.32,0.030974,,198637,"563571108","US5635711089","2562047",26.36,"United States","New York Stock Exchange Inc.","USD",1,"-",2008-07-31
"PTV","PACTIV CORP","Materials","Equity",4810354.87,0.028455,,199517,"695257105","US6952571056","2511328",24.11,"United States","New York Stock Exchange Inc.","USD",1,"-",2008-07-31
"CTAS","CINTAS CORP","Industrials","Equity",5689763.28,0.033657,,200062,"172908105","US1729081059","2197137",28.44,"United States","NASDAQ","USD",1,"-",2008-07-31
"RSHCQ","RS LEGACY CORP","Consumer Discretionary","Equity",3357617.28,0.019862,,201296,"750438103","US7504381036","2871505",16.68,"United States","Non-Nms Quotation Service (Nnqs)","USD",1,"-",2008-07-31
"QLG","QLOGIC","Information Technology","Equity",3858695.76,0.022826,,204814,"-","US7472771010","5643808",18.84,"United States","Boerse Muenchen","USD",1,"-",2008-07-31
"VNO","VORNADO REALTY TRUST REIT","Financials","Equity",19633095.84,0.116138,,206512,"929042109","US9290421091","2933632",95.07,"United States","New York Stock Exchange Inc.","USD",1,"-",2008-07-31
"AN","AUTONATION INC","Consumer Discretionary","Equity",2131317.36,0.012608,,206523,"05329W102","US05329W1027","2732635",10.32,"United States","New York Stock Exchange Inc.","USD",1,"-",2008-07-31
"PBG","PEPSI BOTTLING","Consumer Staples","Equity",5790154.25,0.034251,,207905,"713409100","US7134091005","2404569",27.85,"United States","New York Stock Exchange Inc.","USD",1,"-",2008-07-31
"TSO","TESORO CORP","Energy","Equity",3243202.88,0.019185,,210052,"881609101","US8816091016","2884569",15.44,"United States","New York Stock Exchange Inc.","USD",1,"-",2008-07-31
"CLX","CLOROX","Consumer Staples","Equity",11495685,0.068002,,210930,"189054109","US1890541097","2204026",54.5,"United States","New York Stock Exchange Inc.","USD",1,"-",2008-07-31
"PCP","PRECISION CASTPARTS CORP","Industrials","Equity",19830050.35,0.117303,,212245,"740189105","US7401891053","2699514",93.43,"United States","-","USD",1,"-",2008-07-31
"WFM","WHOLE FOODS MARKET INC","Consumer Staples","Equity",4710925.47,0.027867,,212491,"966837106","US9668371068","2963899",22.17,"United States","NASDAQ","USD",1,"-",2008-07-31
"HAS","HASBRO INC","Consumer Discretionary","Equity",8231097.6,0.04869,,212580,"418056107","US4180561072","2414580",38.72,"United States","NASDAQ","USD",1,"-",2008-07-31
"LEN","LENNAR A CORP","Consumer Discretionary","Equity",2577699.3,0.015248,,213033,"526057104","US5260571048","2511920",12.1,"United States","New York Stock Exchange Inc.","USD",1,"-",2008-07-31
"TAP","MOLSON COORS BREWING  CLASS B","Consumer Staples","Equity",11514877.29,0.068115,,213357,"60871R209","US60871R2094","B067BM3",53.97,"United States","New York Stock Exchange Inc.","USD",1,"-",2008-07-31
"MOLX","MOLEX INC.","Information Technology","Equity",5264653.13,0.031143,,214621,"608554101","US6085541018","2599142",24.53,"United States","NASDAQ","USD",1,"-",2008-07-31
"DRI","DARDEN RESTAURANTS INC","Consumer Discretionary","Equity",7001540.33,0.041417,,214969,"237194105","US2371941053","2289874",32.57,"United States","New York Stock Exchange Inc.","USD",1,"-",2008-07-31
"FDO","FAMILY DOLLAR STORES INC","Consumer Discretionary","Equity",5018703.5,0.029688,,215395,"307000109","US3070001090","2331225",23.3,"United States","New York Stock Exchange Inc.","USD",1,"-",2008-07-31
"LM","LEGG MASON INC","Financials","Equity",8693568.9,0.051426,,215454,"524901105","US5249011058","2510615",40.35,"United States","New York Stock Exchange Inc.","USD",1,"-",2008-07-31
"NYT","NEW YORK TIMES CLASS A","Consumer Discretionary","Equity",2754654.23,0.016295,,218797,"650111107","US6501111073","2632003",12.59,"United States","New York Stock Exchange Inc.","USD",1,"-",2008-07-31
"ESV","ENSCO INTL PLC","Energy","Equity",15212113.66,0.089986,,220019,"26874Q100","US26874Q1004","2105594",69.14,"United States","New York Stock Exchange Inc.","USD",1,"-",2008-07-31
"ROK","ROCKWELL AUTOMATION INC","Industrials","Equity",9992495,0.05911,,224500,"773903109","US7739031091","2754060",44.51,"United States","New York Stock Exchange Inc.","USD",1,"-",2008-07-31
"JNS","JANUS CAPITAL GROUP INC","Financials","Equity",6811512.04,0.040293,,224506,"47102X105","US47102X1054","2605555",30.34,"United States","New York Stock Exchange Inc.","USD",1,"-",2008-07-31
"EQ","EMBARQ CORP.","Telecommunication Services","Equity",10341044.97,0.061172,,225935,"29078E105","US29078E1055","B142VX8",45.77,"United States","New York Stock Exchange Inc.","USD",1,"-",2008-07-31
"UST.1","UST INC.","Consumer Staples","Equity",11900066.34,0.070394,,226194,"902911106","US9029111062","2922544",52.61,"United States","New York Stock Exchange Inc.","USD",1,"-",2008-07-31
"CMA","COMERICA INC","Financials","Equity",6605169.2,0.039072,,229985,"200340107","US2003401070","2212870",28.72,"United States","New York Stock Exchange Inc.","USD",1,"-",2008-07-31
"CSC","COMPUTER SCIENCES CORP","Information Technology","Equity",10941001.53,0.064721,,230969,"205363104","US2053631048","2215200",47.37,"United States","New York Stock Exchange Inc.","USD",1,"-",2008-07-31
"DF","DEAN FOODS CO.","Consumer Staples","Equity",4919937.9,0.029104,,230983,"242370104","US2423701042","2858649",21.3,"United States","New York Stock Exchange Inc.","USD",1,"-",2008-07-31
"CVH","COVENTRY HEALTH CARE INC","Health Care","Equity",8228299.96,0.048674,,232635,"222862104","US2228621049","2232696",35.37,"United States","New York Stock Exchange Inc.","USD",1,"-",2008-07-31
"RRC","RANGE RESOURCES CORP","Energy","Equity",11411842.8,0.067506,,235005,"75281A109","US75281A1097","2523334",48.56,"United States","New York Stock Exchange Inc.","USD",1,"-",2008-07-31
"FO","FORTUNE BRANDS INC","Consumer Discretionary","Equity",13478853.52,0.079733,,235192,"349631101","US3496311016","2024774",57.31,"United States","New York Stock Exchange Inc.","USD",1,"-",2008-07-31
"BEN","FRANKLIN RESOURCES INC","Financials","Equity",23961680.04,0.141744,,238164,"354613101","US3546131018","2350684",100.61,"United States","New York Stock Exchange Inc.","USD",1,"-",2008-07-31
"DGX","QUEST DIAGNOSTICS INC","Health Care","Equity",12782215.68,0.075612,,240448,"74834L100","US74834L1008","2702791",53.16,"United States","New York Stock Exchange Inc.","USD",1,"-",2008-07-31
"HSP","HOSPIRA INC","Health Care","Equity",9245977.2,0.054694,,242295,"441060100","US4410601003","B00PWV9",38.16,"United States","New York Stock Exchange Inc.","USD",1,"-",2008-07-31
"RHI","ROBERT HALF","Industrials","Equity",6150528,0.036383,,243200,"770323103","US7703231032","2110703",25.29,"United States","New York Stock Exchange Inc.","USD",1,"-",2008-07-31
"GME","GAMESTOP CORP CLASS A","Consumer Discretionary","Equity",9955251.48,0.05889,,245748,"36467W109","US36467W1099","B0LLFT5",40.51,"United States","New York Stock Exchange Inc.","USD",1,"-",2008-07-31
"COL","ROCKWELL COLLINS INC","Industrials","Equity",12217479.06,0.072272,,245874,"774341101","US7743411016","2767228",49.69,"United States","New York Stock Exchange Inc.","USD",1,"-",2008-07-31
"ABC","AMERISOURCEBERGEN CORP","Health Care","Equity",10325937.53,0.061082,,246619,"03073E105","US03073E1055","2795393",41.87,"United States","New York Stock Exchange Inc.","USD",1,"-",2008-07-31
"SEE","SEALED AIR CORP","Materials","Equity",5356731.8,0.031687,,246854,"81211K100","US81211K1007","2232793",21.7,"United States","New York Stock Exchange Inc.","USD",1,"-",2008-07-31
"DTE","DTE ENERGY","Utilities","Equity",10230616.02,0.060518,,249649,"233331107","US2333311072","2280220",40.98,"United States","New York Stock Exchange Inc.","USD",1,"-",2008-07-31
"PPG","PPG INDUSTRIES INC","Materials","Equity",15166549.12,0.089717,,250108,"693506107","US6935061076","2698470",60.64,"United States","New York Stock Exchange Inc.","USD",1,"-",2008-07-31
"CINF","CINCINNATI FINANCIAL CORP","Financials","Equity",6968741.76,0.041223,,250314,"172062101","US1720621010","2196888",27.84,"United States","NASDAQ","USD",1,"-",2008-07-31
"ETN","EATON CORP.","Industrials","Equity",17806033.92,0.10533,,250648,"278058102","US2780581029","2300883",71.04,"United States","New York Stock Exchange Inc.","USD",1,"-",2008-07-31
"GPC","GENUINE PARTS","Consumer Discretionary","Equity",10058745.69,0.059502,,250779,"372460105","US3724601055","2367480",40.11,"United States","New York Stock Exchange Inc.","USD",1,"-",2008-07-31
"FISV","FISERV INC","Information Technology","Equity",12004828.44,0.071014,,251042,"337738108","US3377381088","2342034",47.82,"United States","NASDAQ","USD",1,"-",2008-07-31
"PH","PARKER-HANNIFIN CORP","Industrials","Equity",15803094.48,0.093482,,256211,"701094104","US7010941042","2671501",61.68,"United States","New York Stock Exchange Inc.","USD",1,"-",2008-07-31
"AYE","ALLEGHENY ENERGY","Utilities","Equity",12414019.2,0.073434,,256488,"017361106","US0173611064","2024020",48.4,"United States","New York Stock Exchange Inc.","USD",1,"-",2008-07-31
"HSY","HERSHEY FOODS","Consumer Staples","Equity",9437829.44,0.055829,,256672,"427866108","US4278661081","2422806",36.77,"United States","New York Stock Exchange Inc.","USD",1,"-",2008-07-31
"AKAM","AKAMAI TECHNOLOGIES INC","Information Technology","Equity",5991774.78,0.035444,,256717,"00971T101","US00971T1016","2507457",23.34,"United States","NASDAQ","USD",1,"-",2008-07-31
"LEG","LEGGETT & PLATT INC","Consumer Discretionary","Equity",5013157.5,0.029655,,257085,"524660107","US5246601075","2510682",19.5,"United States","New York Stock Exchange Inc.","USD",1,"-",2008-07-31
"ABI","APPLIED BIOSYSTEMS INC.","Health Care","Equity",9508957.98,0.05625,,257486,"038149100","US0381491002","2681801",36.93,"United States","New York Stock Exchange Inc.","USD",1,"-",2008-07-31
"HUM","HUMANA INC","Health Care","Equity",11355916.38,0.067175,,258618,"444859102","US4448591028","2445063",43.91,"United States","New York Stock Exchange Inc.","USD",1,"-",2008-07-31
"KLAC","KLA CORP","Information Technology","Equity",9769904.13,0.057793,,259907,"482480100","US4824801009","2480138",37.59,"United States","NASDAQ","USD",1,"-",2008-07-31
"CHRW","CH ROBINSON WORLDWIDE INC","Industrials","Equity",12569162.2,0.074352,,260771,"12541W209","US12541W2098","2116228",48.2,"United States","NASDAQ","USD",1,"-",2008-07-31
"FIS","FIDELITY NATIONAL INFORMATION SERV","Information Technology","Equity",4955595.55,0.029314,,261509,"31620M106","US31620M1062","2769796",18.95,"United States","New York Stock Exchange Inc.","USD",1,"-",2008-07-31
"RAI","REYNOLDS AMERICAN INC","Consumer Staples","Equity",14600940.75,0.086371,,261525,"761713106","US7617131062","2429090",55.83,"United States","New York Stock Exchange Inc.","USD",1,"-",2008-07-31
"PCL","PLUM CREEK TIMBER COMPANY REIT INC","Financials","Equity",12750511.2,0.075425,,261710,"729251108","US7292511083","2692397",48.72,"United States","-","USD",1,"-",2008-07-31
"NBL","NOBLE ENERGY INC","Energy","Equity",19402694.2,0.114775,,262660,"655044105","US6550441058","2640761",73.87,"United States","NASDAQ","USD",1,"-",2008-07-31
"STR","QUESTAR CORP","Utilities","Equity",13957041.44,0.082562,,263938,"748356102","US7483561020","2717483",52.88,"United States","-","USD",1,"-",2008-07-31
"LO","LORILLARD INC","Consumer Staples","Equity",17786968.62,0.105218,,265042,"544147101","US5441471019","B39GHT7",67.11,"United States","New York Stock Exchange Inc.","USD",1,"-",2008-07-31
"MWV","MEADWESTVACO CORP","Materials","Equity",7134194.61,0.042202,,266102,"583334107","US5833341077","2840044",26.81,"United States","New York Stock Exchange Inc.","USD",1,"-",2008-07-31
"CBG","CB RICHARD ELLIS GROUP INC. (CL A)","Financials","Equity",3740657.95,0.022128,,266239,"12497T101","US12497T1016","B018V21",14.05,"United States","New York Stock Exchange Inc.","USD",1,"-",2008-07-31
"CBE","COOPER INDUSTRIES INC.","Industrials","Equity",11230883.08,0.066435,,266324,"-","BMG241821005","2949435",42.17,"United States","New York Stock Exchange Inc.","USD",1,"-",2008-07-31
"TER","TERADYNE INC","Information Technology","Equity",2508452.07,0.014839,,267711,"880770102","US8807701029","2884183",9.37,"United States","NASDAQ","USD",1,"-",2008-07-31
"ECL","ECOLAB INC","Materials","Equity",11982058.5,0.070879,,268055,"278865100","US2788651006","2304227",44.7,"United States","New York Stock Exchange Inc.","USD",1,"-",2008-07-31
"JWN","NORDSTROM INC","Consumer Discretionary","Equity",7735284.78,0.045758,,269147,"655664100","US6556641008","2641827",28.74,"United States","New York Stock Exchange Inc.","USD",1,"-",2008-07-31
"LUK","JEFFERIES FINANCIAL GROUP CORP","Financials","Equity",12075498.71,0.071432,,269723,"527288104","US5272881047","2513012",44.77,"United States","New York Stock Exchange Inc.","USD",1,"-",2008-07-31
"WYND","TRAVEL LEISURE INC","Consumer Discretionary","Equity",4841162.82,0.028638,,269853,"98310W108","US98310W1080","B198391",17.94,"United States","New York Stock Exchange Inc.","USD",1,"-",2008-07-31
"FLR","FLUOR CORP","Industrials","Equity",22025675.2,0.130291,,270752,"343412102","US3434121022","2696838",81.35,"United States","New York Stock Exchange Inc.","USD",1,"-",2008-07-31
"CEG","CONSTELLATION ENERGY GROUP INC.","Utilities","Equity",22603553.28,0.13371,,271808,"210371100","US2103711006","2073408",83.16,"United States","New York Stock Exchange Inc.","USD",1,"-",2008-07-31
"TDC","TERADATA CORP","Information Technology","Equity",6425558.04,0.03801,,274362,"88076W103","US88076W1036","B247H10",23.42,"United States","New York Stock Exchange Inc.","USD",1,"-",2008-07-31
"IAC","IAC INTERACTIVE","Consumer Discretionary","Equity",4831758.18,0.028582,,276733,"44919P508","US44919P5089","B0F0F09",17.46,"United States","NASDAQ","USD",1,"-",2008-07-31
"ITT","ITT CORP","Industrials","Equity",18564459.12,0.109817,,277247,"450911102","US4509111021","2465760",66.96,"United States","New York Stock Exchange Inc.","USD",1,"-",2008-07-31
"RX","IMS HEALTH INC.","Health Care","Equity",5819876.7,0.034427,,278463,"449934108","US4499341083","2256511",20.9,"United States","New York Stock Exchange Inc.","USD",1,"-",2008-07-31
"CNX","CONSOL ENERGY INC","Energy","Equity",20745436.86,0.122718,,278874,"20854P109","US20854P1093","2413758",74.39,"United States","New York Stock Exchange Inc.","USD",1,"-",2008-07-31
"CTXS","CITRIX SYSTEMS INC","Information Technology","Equity",7493379.12,0.044327,,281283,"177376100","US1773761002","2182553",26.64,"United States","NASDAQ","USD",1,"-",2008-07-31
"MCHP","MICROCHIP TECHNOLOGY INC","Information Technology","Equity",9046471.46,0.053514,,283322,"595017104","US5950171042","2592174",31.93,"United States","NASDAQ","USD",1,"-",2008-07-31
"FHN","FIRST HORIZON CORP","Financials","Equity",2678755.6,0.015846,,284974,"320517105","US3205171057","2341484",9.4,"United States","New York Stock Exchange Inc.","USD",1,"-",2008-07-31
"HOT","STARWOOD HOTELS & RESORTS WORLDWID","Consumer Discretionary","Equity",9791646.66,0.057922,,285554,"85590A401","US85590A4013","B12GHV2",34.29,"United States","New York Stock Exchange Inc.","USD",1,"-",2008-07-31
"DOV","DOVER CORP","Industrials","Equity",14370565.02,0.085008,,289554,"260003108","US2600031080","2278407",49.63,"United States","New York Stock Exchange Inc.","USD",1,"-",2008-07-31
"MUR","MURPHY OIL CORP","Energy","Equity",23117872.96,0.136752,,289952,"626717102","US6267171022","2611206",79.73,"United States","New York Stock Exchange Inc.","USD",1,"-",2008-07-31
"ETR","ENTERGY CORP","Utilities","Equity",31218929.28,0.184673,,291984,"29364G103","US29364G1031","2317087",106.92,"United States","New York Stock Exchange Inc.","USD",1,"-",2008-07-31
"BMC","BMC SOFTWARE INC.","Information Technology","Equity",9616279.53,0.056884,,292377,"055921100","US0559211000","2068921",32.89,"United States","NASDAQ","USD",1,"-",2008-07-31
"NTRS","NORTHERN TRUST CORP","Financials","Equity",22858627.74,0.135219,,292422,"665859104","US6658591044","2648668",78.17,"United States","NASDAQ","USD",1,"-",2008-07-31
"STZ","CONSTELLATION BRANDS INC CLASS A","Consumer Staples","Equity",6401834.16,0.03787,,297483,"21036P108","US21036P1084","2170473",21.52,"United States","New York Stock Exchange Inc.","USD",1,"-",2008-07-31
"VRSN","VERISIGN INC","Information Technology","Equity",9681268.26,0.057269,,297519,"92343E102","US92343E1029","2142922",32.54,"United States","NASDAQ","USD",1,"-",2008-07-31
"TSS","TOTAL SYSTEM SERVICES INC","Information Technology","Equity",5943411.13,0.035158,,303545,"891906109","US8919061098","2897697",19.58,"United States","New York Stock Exchange Inc.","USD",1,"-",2008-07-31
"SII","SMITH INTERNATIONAL","Energy","Equity",22822536.06,0.135005,,306837,"832110100","US8321101003","2816409",74.38,"United States","New York Stock Exchange Inc.","USD",1,"-",2008-07-31
"POM","PEPCO HOLDINGS INC","Utilities","Equity",7655357.94,0.045285,,306951,"713291102","US7132911022","2971698",24.94,"United States","New York Stock Exchange Inc.","USD",1,"-",2008-07-31
"ACAS","AMERICAN CAPITAL LTD.","Financials","Equity",6250310.08,0.036973,,307594,"02503Y103","US02503Y1038","2101990",20.32,"United States","NASDAQ","USD",1,"-",2008-07-31
"CMI","CUMMINS INC","Industrials","Equity",20550606.18,0.121566,,309777,"231021106","US2310211063","2240202",66.34,"United States","New York Stock Exchange Inc.","USD",1,"-",2008-07-31
"MCO","MOODYS CORP","Financials","Equity",10819017.62,0.063999,,310802,"615369105","US6153691059","2252058",34.81,"United States","New York Stock Exchange Inc.","USD",1,"-",2008-07-31
"JBL","JABIL INC","Information Technology","Equity",5148111.12,0.030453,,316612,"466313103","US4663131039","2471789",16.26,"United States","New York Stock Exchange Inc.","USD",1,"-",2008-07-31
"PBI","PITNEY BOWES INC","Industrials","Equity",10066518.64,0.059548,,317656,"724479100","US7244791007","2690506",31.69,"United States","New York Stock Exchange Inc.","USD",1,"-",2008-07-31
"AEE","AMEREN CORP","Utilities","Equity",13099985.08,0.077492,,318812,"023608102","US0236081024","2050832",41.09,"United States","New York Stock Exchange Inc.","USD",1,"-",2008-07-31
"EXPE","EXPEDIA INC.","Consumer Discretionary","Equity",6253554.36,0.036992,,319548,"30212P105","US30212P1057","B0F0DY9",19.57,"United States","NASDAQ","USD",1,"-",2008-07-31
"MBI","MBIA INC","Financials","Equity",1900950.45,0.011245,,320565,"55262C100","US55262C1009","2547044",5.93,"United States","New York Stock Exchange Inc.","USD",1,"-",2008-07-31
"APD","AIR PRODUCTS AND CHEMICALS INC","Materials","Equity",30611919.2,0.181083,,321520,"009158106","US0091581068","2011602",95.21,"United States","New York Stock Exchange Inc.","USD",1,"-",2008-07-31
"WY","WEYERHAEUSER REIT","Materials","Equity",17216472.22,0.101843,,322044,"962166104","US9621661043","2958936",53.46,"United States","New York Stock Exchange Inc.","USD",1,"-",2008-07-31
"SVU","SUPERVALU INC","Consumer Staples","Equity",8272672.38,0.048936,,322899,"868536103","US8685361037","2863610",25.62,"United States","New York Stock Exchange Inc.","USD",1,"-",2008-07-31
"TE","TECO ENERGY INC","Utilities","Equity",5991241.9,0.035441,,322978,"872375100","US8723751009","2880255",18.55,"United States","New York Stock Exchange Inc.","USD",1,"-",2008-07-31
"RRD","RR DONNELLEY AND SONS","Industrials","Equity",8679342.3,0.051342,,325069,"257867101","US2578671016","2276605",26.7,"United States","New York Stock Exchange Inc.","USD",1,"-",2008-07-31
"EXPD","EXPEDITORS INTERNATIONAL OF WASHIN","Industrials","Equity",11574271.44,0.068467,,325944,"302130109","US3021301094","2325507",35.51,"United States","NASDAQ","USD",1,"-",2008-07-31
"PHM","PULTEGROUP INC","Consumer Discretionary","Equity",3983378.19,0.023563,,326239,"745867101","US7458671010","2708841",12.21,"United States","New York Stock Exchange Inc.","USD",1,"-",2008-07-31
"WWY","WM WRIGLEY JR. CO.","Consumer Staples","Equity",25880561.28,0.153095,,327768,"982526105","US9825261053","2983604",78.96,"United States","New York Stock Exchange Inc.","USD",1,"-",2008-07-31
"CPB","CAMPBELL SOUP","Consumer Staples","Equity",11998924.36,0.070979,,329822,"134429109","US1344291091","2162845",36.38,"United States","New York Stock Exchange Inc.","USD",1,"-",2008-07-31
"CAM","CAMERON INTERNATIONAL CORP","Energy","Equity",15809419.68,0.09352,,331018,"13342B105","US13342B1052","2222233",47.76,"United States","-","USD",1,"-",2008-07-31
"NSM.2","NATIONAL SEMICONDUCTOR CORP","Information Technology","Equity",6935581.3,0.041027,,331054,"637640103","US6376401039","2626921",20.95,"United States","New York Stock Exchange Inc.","USD",1,"-",2008-07-31
"LLTC","LINEAR TECHNOLOGY CORP","Information Technology","Equity",10487292.75,0.062037,,337755,"535678106","US5356781063","2516839",31.05,"United States","NASDAQ","USD",1,"-",2008-07-31
"CPPRQ","OLD COPPER INC","Consumer Discretionary","Equity",10424917.86,0.061668,,338142,"708160106","US7081601061","2680303",30.83,"United States","Non-Nms Quotation Service (Nnqs)","USD",1,"-",2008-07-31
"AMP","AMERIPRISE FINANCE INC","Financials","Equity",14435550,0.085392,,339660,"03076C106","US03076C1062","B0J7D57",42.5,"United States","New York Stock Exchange Inc.","USD",1,"-",2008-07-31
"ADSK","AUTODESK INC","Information Technology","Equity",10925896.68,0.064631,,342612,"052769106","US0527691069","2065159",31.89,"United States","NASDAQ","USD",1,"-",2008-07-31
"SPG","SIMON PROPERTY GROUP REIT INC","Financials","Equity",31755231.34,0.187846,,342818,"828806109","US8288061091","2812452",92.63,"United States","New York Stock Exchange Inc.","USD",1,"-",2008-07-31
"SNDK","SANDISK CORP","Information Technology","Equity",4861792.8,0.02876,,344808,"80004C101","US80004C1018","2765802",14.1,"United States","NASDAQ","USD",1,"-",2008-07-31
"CMS","CMS ENERGY CORP","Utilities","Equity",4663291.5,0.027585,,345429,"125896100","US1258961002","2219224",13.5,"United States","New York Stock Exchange Inc.","USD",1,"-",2008-07-31
"WFR","MEMC ELECTRONIC MATERIALS INC.","Information Technology","Equity",16073270.51,0.09508,,347831,"552715104","US5527151048","2580113",46.21,"United States","New York Stock Exchange Inc.","USD",1,"-",2008-07-31
"UNS1","VIAVI SOLUTIONS INC","Information Technology","Equity",3815280.68,0.022569,,349065,"-","US46612J5074","B1G2LW5",10.93,"United States","Boerse Stuttgart","USD",1,"-",2008-07-31
"TGNA","GANNETT CO INC","Consumer Discretionary","Equity",6367567.32,0.037667,,351411,"364730101","US3647301015","2360304",18.12,"United States","New York Stock Exchange Inc.","USD",1,"-",2008-07-31
"ZBH","ZIMMER BIOMET HOLDINGS INC","Health Care","Equity",24359202.63,0.144095,,353493,"98956P102","US98956P1021","2783815",68.91,"United States","New York Stock Exchange Inc.","USD",1,"-",2008-07-31
"GOOGL","GOOGLE INC CLASS A","Information Technology","Equity",168036282.5,0.994007,,354694,"-","US38259P5089","B84V7F8",473.75,"United States","Spot Regulated Market - Bvb","USD",1,"-",2008-07-31
"PEAK","HEALTHPEAK PROPERTIES INC","Financials","Equity",12898307.37,0.076299,,357591,"40414L109","US40414L1098","2417578",36.07,"United States","New York Stock Exchange Inc.","USD",1,"-",2008-07-31
"HOG","HARLEY DAVIDSON INC","Consumer Discretionary","Equity",13690133.6,0.080983,,361790,"412822108","US4128221086","2411053",37.84,"United States","New York Stock Exchange Inc.","USD",1,"-",2008-07-31
"SYK","STRYKER CORP","Health Care","Equity",23361693.74,0.138194,,363946,"863667101","US8636671013","2853688",64.19,"United States","New York Stock Exchange Inc.","USD",1,"-",2008-07-31
"GT","GOODYEAR TIRE & RUBBER","Consumer Discretionary","Equity",7199302.5,0.042587,,366750,"382550101","US3825501014","2378200",19.63,"United States","NASDAQ","USD",1,"-",2008-07-31
"BDX","BECTON DICKINSON","Health Care","Equity",31617342.33,0.18703,,372363,"075887109","US0758871091","2087807",84.91,"United States","New York Stock Exchange Inc.","USD",1,"-",2008-07-31
"KG","KING PHARMACEUTICALS","Health Care","Equity",4351861.94,0.025743,,378094,"495582108","US4955821081","2259468",11.51,"United States","New York Stock Exchange Inc.","USD",1,"-",2008-07-31
"EOG","EOG RESOURCES INC","Energy","Equity",38086996.86,0.225301,,378862,"26875P101","US26875P1012","2318024",100.53,"United States","New York Stock Exchange Inc.","USD",1,"-",2008-07-31
"TXT","TEXTRON INC","Industrials","Equity",16516774.26,0.097704,,379958,"883203101","US8832031012","2885937",43.47,"United States","New York Stock Exchange Inc.","USD",1,"-",2008-07-31
"SRE","SEMPRA ENERGY","Utilities","Equity",21475640.16,0.127038,,382401,"816851109","US8168511090","2138158",56.16,"United States","New York Stock Exchange Inc.","USD",1,"-",2008-07-31
"ESRX","EXPRESS SCRIPTS INC.","Health Care","Equity",27050044.34,0.160013,,383471,"302182100","US3021821000","2326469",70.54,"United States","NASDAQ","USD",1,"-",2008-07-31
"KIM","KIMCO REALTY REIT CORP","Financials","Equity",13636161.87,0.080664,,386403,"49446R109","US49446R1095","2491594",35.29,"United States","New York Stock Exchange Inc.","USD",1,"-",2008-07-31
"K","KELLOGG","Consumer Staples","Equity",20574651.72,0.121708,,387762,"487836108","US4878361082","2486813",53.06,"United States","New York Stock Exchange Inc.","USD",1,"-",2008-07-31
"DHR","DANAHER CORP","Industrials","Equity",30987036,0.183302,,389040,"235851102","US2358511028","2250870",79.65,"United States","New York Stock Exchange Inc.","USD",1,"-",2008-07-31
"PFG","PRINCIPAL FINANCIAL GROUP INC","Financials","Equity",16778611.98,0.099253,,394698,"74251V102","US74251V1026","2803014",42.51,"United States","NASDAQ","USD",1,"-",2008-07-31
"LNC","LINCOLN NATIONAL CORP","Financials","Equity",18897022.8,0.111784,,396164,"534187109","US5341871094","2516378",47.7,"United States","New York Stock Exchange Inc.","USD",1,"-",2008-07-31
"BBBY","BED BATH AND BEYOND INC","Consumer Discretionary","Equity",11027915.8,0.065235,,396260,"075896100","US0758961009","2085878",27.83,"United States","NASDAQ","USD",1,"-",2008-07-31
"TROW","T ROWE PRICE GROUP INC","Financials","Equity",23734475.1,0.1404,,396566,"74144T108","US74144T1088","2702337",59.85,"United States","NASDAQ","USD",1,"-",2008-07-31
"MI","MARSHALL & ILSLEY","Financials","Equity",6029672.8,0.035668,,396689,"571837103","US5718371033","B28V183",15.2,"United States","New York Stock Exchange Inc.","USD",1,"-",2008-07-31
"PGN","PROGRESS ENERGY INC.","Utilities","Equity",16868700.83,0.099786,,398693,"743263105","US7432631056","2604206",42.31,"United States","New York Stock Exchange Inc.","USD",1,"-",2008-07-31
"SCN","PROLOGIS","Financials","Equity",19541735.2,0.115598,,399790,"743410102","US7434101025","2790611",48.88,"United States","New York Stock Exchange Inc.","USD",1,"-",2008-07-31
"CPWR","COMPUWARE CORP.","Information Technology","Equity",4441459,0.026273,,403769,"205638109","US2056381096","2220884",11,"United States","NASDAQ","USD",1,"-",2008-07-31
"NYX","NYSE EURONEXT","Financials","Equity",19122515.8,0.113118,,404795,"629491101","US6294911010","B1VJYW2",47.24,"United States","New York Stock Exchange Inc.","USD",1,"-",2008-07-31
"GGP","GENERAL GROWTH PROPERTIES INC.","Financials","Equity",11168780.11,0.066068,,407471,"370021107","US3700211077","2363422",27.41,"United States","New York Stock Exchange Inc.","USD",1,"-",2008-07-31
"GENZ","GENZYME CORP.","Health Care","Equity",31275039.6,0.185005,,408024,"372917104","US3729171047","2367598",76.65,"United States","NASDAQ","USD",1,"-",2008-07-31
"NE","NOBLE CORP","Energy","Equity",21291130.77,0.125946,,410471,"-","KYG654221004","2891718",51.87,"United States","New York Stock Exchange Inc.","USD",1,"-",2008-07-31
"EQR","EQUITY RESIDENTIAL REIT","Financials","Equity",17787939.48,0.105223,,412044,"29476L107","US29476L1070","2319157",43.17,"United States","New York Stock Exchange Inc.","USD",1,"-",2008-07-31
"BTU","PEABODY ENERGY CORP","Energy","Equity",27991337.55,0.165581,,413767,"704549104","US7045491047","2753454",67.65,"United States","New York Stock Exchange Inc.","USD",1,"-",2008-07-31
"ED","CONSOLIDATED EDISON INC","Utilities","Equity",16509602.3,0.097661,,415859,"209115104","US2091151041","2216850",39.7,"United States","New York Stock Exchange Inc.","USD",1,"-",2008-07-31
"ODP","ODP INC","Consumer Discretionary","Equity",2834165.2,0.016765,,416789,"676220106","US6762201068","2655981",6.8,"United States","NASDAQ","USD",1,"-",2008-07-31
"NI","NISOURCE INC","Utilities","Equity",7139166.72,0.042231,,417984,"65473P105","US65473P1057","2645409",17.08,"United States","New York Stock Exchange Inc.","USD",1,"-",2008-07-31
"TSN","TYSON FOODS INC CLASS A","Consumer Staples","Equity",6229719.8,0.036851,,418102,"902494103","US9024941034","2909730",14.9,"United States","New York Stock Exchange Inc.","USD",1,"-",2008-07-31
"DHI","D R HORTON INC","Consumer Discretionary","Equity",4668476.24,0.027616,,419827,"23331A109","US23331A1097","2250687",11.12,"United States","New York Stock Exchange Inc.","USD",1,"-",2008-07-31
"MCK","MCKESSON CORP","Health Care","Equity",23705102.19,0.140226,,423381,"58155Q103","US58155Q1031","2378534",55.99,"United States","New York Stock Exchange Inc.","USD",1,"-",2008-07-31
"NWL","NEWELL BRANDS INC","Consumer Discretionary","Equity",7008967.95,0.041461,,424015,"651229106","US6512291062","2635701",16.53,"United States","NASDAQ","USD",1,"-",2008-07-31
"XLNX","XILINX INC","Information Technology","Equity",10611795.74,0.062773,,427378,"983919101","US9839191015","2985677",24.83,"United States","NASDAQ","USD",1,"-",2008-07-31
"CI","CIGNA CORP","Health Care","Equity",15854666.46,0.093787,,428273,"125509109","US1255091092","2196479",37.02,"United States","New York Stock Exchange Inc.","USD",1,"-",2008-07-31
"HES","HESS CORP","Energy","Equity",43462473.6,0.257099,,428624,"42809H107","US42809H1077","2023748",101.4,"United States","New York Stock Exchange Inc.","USD",1,"-",2008-07-31
"NBR","NABORS INDUSTRIES LTD","Energy","Equity",15643673.44,0.092539,,429064,"-","BMG6359F1032","2963372",36.46,"Bermuda","New York Stock Exchange Inc.","USD",1,"-",2008-07-31
"CITGQ","CIT GROUP INC. (OLD)","Financials","Equity",3660502.24,0.021653,,431663,"125581108","US1255811085","2965549",8.48,"United States","Non-Nms Quotation Service (Nnqs)","USD",1,"-",2008-07-31
"CCE","COCA-COLA ENTERPRISES INC.","Consumer Staples","Equity",7433725.98,0.043974,,439086,"191219104","US1912191046","2206969",16.93,"United States","New York Stock Exchange Inc.","USD",1,"-",2008-07-31
"EKDKQ","EASTMAN KODAK CO.","Consumer Discretionary","Equity",6439360.08,0.038092,,439847,"277461109","US2774611097","2300601",14.64,"United States","Non-Nms Quotation Service (Nnqs)","USD",1,"-",2008-07-31
"CTSH","COGNIZANT TECHNOLOGY SOLUTIONS COR","Information Technology","Equity",12373256,0.073193,,440800,"192446102","US1924461023","2257019",28.07,"United States","NASDAQ","USD",1,"-",2008-07-31
"ADI","ANALOG DEVICES INC","Information Technology","Equity",13534266.51,0.080061,,443601,"032654105","US0326541051","2032067",30.51,"United States","NASDAQ","USD",1,"-",2008-07-31
"BNI","BURLINGTON NORTHERN","Industrials","Equity",46572767.28,0.275498,,447256,"12189T104","US12189T1043","2154927",104.13,"United States","New York Stock Exchange Inc.","USD",1,"-",2008-07-31
"BIIB","BIOGEN INC","Health Care","Equity",31207694.08,0.184607,,447358,"09062X103","US09062X1037","2455965",69.76,"United States","NASDAQ","USD",1,"-",2008-07-31
"BJS","BJ SERVICES CO","Energy","Equity",13152883.8,0.077805,,447377,"055482103","US0554821035","2069065",29.4,"United States","New York Stock Exchange Inc.","USD",1,"-",2008-07-31
"AON","AON PLC","Financials","Equity",20894326.4,0.123599,,456208,"037389103","US0373891037","2212717",45.8,"United States","New York Stock Exchange Inc.","USD",1,"-",2008-07-31
"ALTR","ALTERA CORP","Information Technology","Equity",10074501.25,0.059595,,458975,"021441100","US0214411003","2021690",21.95,"United States","NASDAQ","USD",1,"-",2008-07-31
"LTD","LIMITED BRANDS INC.","Consumer Discretionary","Equity",7568959.47,0.044774,,459003,"532716107","US5327161072","2516185",16.49,"United States","New York Stock Exchange Inc.","USD",1,"-",2008-07-31
"MAR","MARRIOTT INTERNATIONAL INC CLASS A","Consumer Discretionary","Equity",11916216.28,0.07049,,459908,"571903202","US5719032022","2210614",25.91,"United States","NASDAQ","USD",1,"-",2008-07-31
"XL","XL GROUP PLC","Financials","Equity",8286648,0.049019,,463200,"-","IE00B5LRLL25","2283401",17.89,"United States","New York Stock Exchange Inc.","USD",1,"-",2008-07-31
"MYL","MYLAN INC","Health Care","Equity",6022852.96,0.035628,,464368,"628530107","US6285301072","2613804",12.97,"United States","NASDAQ","USD",1,"-",2008-07-31
"FE","FIRSTENERGY CORP","Utilities","Equity",34212297.35,0.20238,,465157,"337932107","US3379321074","2100920",73.55,"United States","New York Stock Exchange Inc.","USD",1,"-",2008-07-31
"FRX","FOREST LABORATORIES INC","Health Care","Equity",16544961.24,0.097871,,465924,"345838106","US3458381064","2346508",35.51,"United States","New York Stock Exchange Inc.","USD",1,"-",2008-07-31
"KSS","KOHLS CORP","Consumer Discretionary","Equity",19635757.02,0.116154,,468522,"500255104","US5002551043","2496113",41.91,"United States","New York Stock Exchange Inc.","USD",1,"-",2008-07-31
"AG4","ALLERGAN","Health Care","Equity",24353404.38,0.144061,,468966,"-","US0184901025","5793208",51.93,"United States","Boerse Berlin","USD",1,"-",2008-07-31
"BHI","BAKER HUGHES INC","Energy","Equity",38968197.46,0.230514,,470006,"057224107","US0572241075","2072085",82.91,"United States","New York Stock Exchange Inc.","USD",1,"-",2008-07-31
"AMZN","AMAZON COM INC","Consumer Discretionary","Equity",35992783.2,0.212913,,471480,"023135106","US0231351067","2000019",76.34,"United States","NASDAQ","USD",1,"-",2008-07-31
"FDX","FEDEX CORP","Industrials","Equity",37268692.92,0.22046,,472713,"31428X106","US31428X1063","2142784",78.84,"United States","New York Stock Exchange Inc.","USD",1,"-",2008-07-31
"IGT","INTERNATIONAL GAME TECHNOLOGY","Consumer Discretionary","Equity",10278729.76,0.060803,,473456,"459902102","US4599021023","2464972",21.71,"United States","New York Stock Exchange Inc.","USD",1,"-",2008-07-31
"PX","PRAXAIR INC","Materials","Equity",44765916.65,0.26481,,477605,"74005P104","US74005P1049","2699291",93.73,"United States","New York Stock Exchange Inc.","USD",1,"-",2008-07-31
"NUE","NUCOR CORP","Materials","Equity",27364606.7,0.161873,,478235,"670346105","US6703461052","2651086",57.22,"United States","New York Stock Exchange Inc.","USD",1,"-",2008-07-31
"HIG","HARTFORD FINANCIAL SERVICES GROUP","Financials","Equity",30439814.61,0.180065,,480199,"416515104","US4165151048","2476193",63.39,"United States","New York Stock Exchange Inc.","USD",1,"-",2008-07-31
"HNZ","H.J. HEINZ CO.","Consumer Staples","Equity",24256206.7,0.143486,,481465,"423074103","US4230741039","2419240",50.38,"United States","New York Stock Exchange Inc.","USD",1,"-",2008-07-31
"IR","INGERSOLL-RAND PLC","Industrials","Equity",17446176,0.103202,,484616,"-","IE00B6330302","2831167",36,"United States","New York Stock Exchange Inc.","USD",1,"-",2008-07-31
"EA","ELECTRONIC ARTS INC","Information Technology","Equity",20966869.42,0.124028,,485569,"285512109","US2855121099","2310194",43.18,"United States","NASDAQ","USD",1,"-",2008-07-31
"RIG","TRANSOCEAN INC.","Energy","Equity",66181179.57,0.39149,,486519,"G90078109","KYG900731004","2821287",136.03,"United States","New York Stock Exchange Inc.","USD",1,"-",2008-07-31
"OMC","OMNICOM GROUP INC","Consumer Discretionary","Equity",20863243.35,0.123415,,488715,"681919106","US6819191064","2279303",42.69,"United States","New York Stock Exchange Inc.","USD",1,"-",2008-07-31
"PAYX","PAYCHEX INC","Information Technology","Equity",16137779.04,0.095462,,490212,"704326107","US7043261079","2674458",32.92,"United States","NASDAQ","USD",1,"-",2008-07-31
"MHFI","S&P GLOBAL INC","Consumer Discretionary","Equity",19956972.35,0.118054,,490705,"580645109","US5806451093","2551443",40.67,"United States","New York Stock Exchange Inc.","USD",1,"-",2008-07-31
"INTU","INTUIT INC","Information Technology","Equity",13414301.91,0.079351,,490827,"461202103","US4612021034","2459020",27.33,"United States","NASDAQ","USD",1,"-",2008-07-31
"FTR","FRONTIER COMMUNICATIONS CORP","Telecommunication Services","Equity",5736072,0.033931,,496200,"35906A108","US35906A1088","2197933",11.56,"United States","NASDAQ","USD",1,"-",2008-07-31
"EIX","EDISON INTERNATIONAL","Utilities","Equity",24059156.38,0.14232,,497707,"281020107","US2810201077","2829515",48.34,"United States","New York Stock Exchange Inc.","USD",1,"-",2008-07-31
"HRB","H&R BLOCK INC","Consumer Discretionary","Equity",12114150.3,0.07166,,497910,"093671105","US0936711052","2105505",24.33,"United States","New York Stock Exchange Inc.","USD",1,"-",2008-07-31
"CNP","CENTERPOINT ENERGY INC","Utilities","Equity",7880899.8,0.046619,,499740,"15189T107","US15189T1079","2440637",15.77,"United States","New York Stock Exchange Inc.","USD",1,"-",2008-07-31
"APA","APA CORP","Energy","Equity",57088584.99,0.337704,,508947,"037411105","US0374111054","2043962",112.17,"United States","NASDAQ","USD",1,"-",2008-07-31
"GIS","GENERAL MILLS INC","Consumer Staples","Equity",32923444.07,0.194756,,511313,"370334104","US3703341046","2367026",64.39,"United States","New York Stock Exchange Inc.","USD",1,"-",2008-07-31
"LOM","LOCKHEED MARTIN CORP","Industrials","Equity",53757388.79,0.317998,,515263,"539830109","US5398301094","5335161",104.33,"United States","Deutsche Boerse Xetra","USD",1,"-",2008-07-31
"AW","ALLIED WASTE INDUSTRIES INC.","Industrials","Equity",6255954.1,0.037007,,517021,"019589308","US0195893088","2039831",12.1,"United States","New York Stock Exchange Inc.","USD",1,"-",2008-07-31
"STJ","ST JUDE MEDICAL","Health Care","Equity",24106640.56,0.142601,,517532,"790849103","US7908491035","2767381",46.58,"United States","New York Stock Exchange Inc.","USD",1,"-",2008-07-31
"SWN","SOUTHWESTERN ENERGY","Energy","Equity",18929419.68,0.111976,,521328,"845467109","US8454671095","2828619",36.31,"United States","New York Stock Exchange Inc.","USD",1,"-",2008-07-31
"COH","TAPESTRY INC","Consumer Discretionary","Equity",13307419.05,0.078719,,521655,"189754104","US1897541041","2646015",25.51,"United States","New York Stock Exchange Inc.","USD",1,"-",2008-07-31
"NTH","NORTHROP GRUMMAN CORP","Industrials","Equity",35161743.35,0.207997,,521765,"666807102","US6668071029","4080406",67.39,"United States","Boerse Berlin","USD",1,"-",2008-07-31
"NTAP","NETAPP INC","Information Technology","Equity",13422283.7,0.079399,,525334,"64110D104","US64110D1046","2630643",25.55,"United States","NASDAQ","USD",1,"-",2008-07-31
"PNC","PNC FINANCIAL SERVICES GROUP INC","Financials","Equity",37610322.72,0.222481,,527568,"693475105","US6934751057","2692665",71.29,"United States","New York Stock Exchange Inc.","USD",1,"-",2008-07-31
"BBY","BEST BUY INC","Consumer Discretionary","Equity",20981057.28,0.124112,,528224,"086516101","US0865161014","2094670",39.72,"United States","New York Stock Exchange Inc.","USD",1,"-",2008-07-31
"UUM","UNUM","Financials","Equity",12815744.48,0.075811,,530453,"91529Y106","US91529Y1064","5925777",24.16,"United States","Deutsche Boerse Xetra","USD",1,"-",2008-07-31
"NOVL","NOVELL","Information Technology","Equity",2977131.58,0.017611,,534494,"670006105","US6700061053","2650793",5.57,"United States","NASDAQ","USD",1,"-",2008-07-31
"STI","SUNTRUST BANKS INC","Financials","Equity",22051231.94,0.130443,,537049,"867914103","US8679141031","2860990",41.06,"United States","New York Stock Exchange Inc.","USD",1,"-",2008-07-31
"UIS","UNISYS CORP","Information Technology","Equity",1987474.59,0.011757,,538611,"909214306","US9092143067","2931595",3.69,"United States","New York Stock Exchange Inc.","USD",1,"-",2008-07-31
"CAH","CARDINAL HEALTH INC","Health Care","Equity",29264689.27,0.173113,,544662,"14149Y108","US14149Y1082","2175672",53.73,"United States","New York Stock Exchange Inc.","USD",1,"-",2008-07-31
"PCG","PG&E CORP","Utilities","Equity",20988832.2,0.124158,,544740,"69331C108","US69331C1080","2689560",38.53,"United States","New York Stock Exchange Inc.","USD",1,"-",2008-07-31
"A","AGILENT TECHNOLOGIES INC","Information Technology","Equity",19836101.16,0.117339,,550086,"00846U101","US00846U1016","2520153",36.06,"United States","New York Stock Exchange Inc.","USD",1,"-",2008-07-31
"MAT","MATTEL INC","Consumer Discretionary","Equity",11071750.35,0.065494,,552207,"577081102","US5770811025","2572303",20.05,"United States","NASDAQ","USD",1,"-",2008-07-31
"LTR","LOEWS CORP","Financials","Equity",24650725.68,0.14582,,553203,"540424108","US5404241086","5910966",44.56,"United States","Boerse Duesseldorf","USD",1,"-",2008-07-31
"MAS","MASCO CORP","Industrials","Equity",9136663.77,0.054047,,554073,"574599106","US5745991068","2570200",16.49,"United States","New York Stock Exchange Inc.","USD",1,"-",2008-07-31
"PCAR","PACCAR INC","Industrials","Equity",23447482.62,0.138702,,557477,"693718108","US6937181088","2665861",42.06,"United States","NASDAQ","USD",1,"-",2008-07-31
"CB","CHUBB CORP","Financials","Equity",26803581.72,0.158555,,557943,"171232101","US1712321017","2195722",48.04,"United States","New York Stock Exchange Inc.","USD",1,"-",2008-07-31
"HBAN","HUNTINGTON BANCSHARES INC","Financials","Equity",3941631.72,0.023316,,561486,"446150104","US4461501045","2445966",7.02,"United States","NASDAQ","USD",1,"-",2008-07-31
"PPL","PPL CORP","Utilities","Equity",26729256.32,0.158115,,569192,"69351T106","US69351T1060","2680905",46.96,"United States","New York Stock Exchange Inc.","USD",1,"-",2008-07-31
"COF","CAPITAL ONE FINANCIAL CORP","Financials","Equity",23950575.77,0.141678,,572159,"14040H105","US14040H1059","2654461",41.86,"United States","New York Stock Exchange Inc.","USD",1,"-",2008-07-31
"NSC","NORFOLK SOUTHERN CORP","Industrials","Equity",41233462.08,0.243914,,573324,"655844108","US6558441084","2641894",71.92,"United States","New York Stock Exchange Inc.","USD",1,"-",2008-07-31
"NKE","NIKE INC CLASS B","Consumer Discretionary","Equity",33964981.56,0.200917,,578817,"654106103","US6541061031","2640147",58.68,"United States","New York Stock Exchange Inc.","USD",1,"-",2008-07-31
"FCX*","FREEPORT MCMORAN INC","Materials","Equity",56555793,0.334552,,584556,"35671D857","US35671D8570","B1LJSV9",96.75,"United States","Bolsa Mexicana De Valores","USD",1,"-",2008-07-31
"CA","CA INC","Information Technology","Equity",14199968.82,0.083999,,595137,"12673P105","US12673P1057","2214832",23.86,"United States","NASDAQ","USD",1,"-",2008-07-31
"GS","GOLDMAN SACHS GROUP INC","Financials","Equity",110705213.12,0.654869,,601528,"38141G104","US38141G1040","2407966",184.04,"United States","New York Stock Exchange Inc.","USD",1,"-",2008-07-31
"AMT","AMERICAN TOWER CORP.","Telecommunication Services","Equity",25366301.9,0.150053,,605401,"029912201","US029912012","2253608",41.9,"United States","New York Stock Exchange Inc.","USD",1,"-",2008-07-31
"ITW","ILLINOIS TOOL INC","Industrials","Equity",28413260.05,0.168077,,606473,"452308109","US4523081093","2457552",46.85,"United States","New York Stock Exchange Inc.","USD",1,"-",2008-07-31
"GD","GENERAL DYNAMICS CORP","Industrials","Equity",54177865.76,0.320485,,607784,"369550108","US3695501086","2365161",89.14,"United States","New York Stock Exchange Inc.","USD",1,"-",2008-07-31
"AEP","AMERICAN ELECTRIC POWER INC","Utilities","Equity",24211367,0.143221,,612946,"025537101","US0255371017","2026242",39.5,"United States","NASDAQ","USD",1,"-",2008-07-31
"TLAB","TELLABS INC.","Information Technology","Equity",3162266.78,0.018706,,615227,"879664100","US8796641004","2881537",5.14,"United States","NASDAQ","USD",1,"-",2008-07-31
"CSX","CSX CORP","Industrials","Equity",41740651.84,0.246914,,617648,"126408103","US1264081035","2160753",67.58,"United States","NASDAQ","USD",1,"-",2008-07-31
"NEE","NEXTERA ENERGY INC","Utilities","Equity",40191994.26,0.237753,,622842,"65339F101","US65339F1012","2328915",64.53,"United States","New York Stock Exchange Inc.","USD",1,"-",2008-07-31
"NOV","NOV INC","Energy","Equity",49802983.92,0.294606,,633384,"637071101","US6370711011","2624486",78.63,"United States","New York Stock Exchange Inc.","USD",1,"-",2008-07-31
"TMO","THERMO FISHER SCIENTIFIC INC","Health Care","Equity",38621987.88,0.228466,,638169,"883556102","US8835561023","2886907",60.52,"United States","New York Stock Exchange Inc.","USD",1,"-",2008-07-31
"KMB","KIMBERLY CLARK CORP","Consumer Staples","Equity",36921679.16,0.218408,,638452,"494368103","US4943681035","2491839",57.83,"United States","New York Stock Exchange Inc.","USD",1,"-",2008-07-31
"M","MACYS INC","Consumer Discretionary","Equity",12096917.94,0.071558,,643111,"55616P104","US55616P1049","2345022",18.81,"United States","New York Stock Exchange Inc.","USD",1,"-",2008-07-31
"RTN1","RAYTHEON","Industrials","Equity",36742280.42,0.217346,,645394,"755111507","US7551115071","7433803",56.93,"United States","Xetra","USD",1,"-",2008-07-31
"TJX","TJX INC","Consumer Discretionary","Equity",21868182.65,0.12936,,648715,"872540109","US8725401090","2989301",33.71,"United States","New York Stock Exchange Inc.","USD",1,"-",2008-07-31
"STT","STATE STREET CORP","Financials","Equity",46627180.56,0.27582,,650854,"857477103","US8574771031","2842040",71.64,"United States","New York Stock Exchange Inc.","USD",1,"-",2008-07-31
"AVP","AVON PRODUCTS INC","Consumer Staples","Equity",27624956.8,0.163413,,651532,"054303102","US0543031027","2066721",42.4,"United States","New York Stock Exchange Inc.","USD",1,"-",2008-07-31
"IP","INTERNATIONAL PAPER","Materials","Equity",18130238.28,0.107248,,654049,"460146103","US4601461035","2465254",27.72,"United States","New York Stock Exchange Inc.","USD",1,"-",2008-07-31
"DE","DEERE","Industrials","Equity",46119956.64,0.272819,,657354,"244199105","US2441991054","2261203",70.16,"United States","New York Stock Exchange Inc.","USD",1,"-",2008-07-31
"XEL","XCEL ENERGY INC","Utilities","Equity",13195688.66,0.078058,,657811,"98389B100","US98389B1008","2614807",20.06,"United States","NASDAQ","USD",1,"-",2008-07-31
"COST","COSTCO WHOLESALE CORP","Consumer Staples","Equity",41425588.08,0.24505,,660906,"22160K105","US22160K1051","2701271",62.68,"United States","NASDAQ","USD",1,"-",2008-07-31
"GNW","GENWORTH FINANCIAL A INC","Financials","Equity",10559427.88,0.062464,,661204,"37247D106","US37247D1063","B011WL6",15.97,"United States","New York Stock Exchange Inc.","USD",1,"-",2008-07-31
"CELG","CELGENE CORP","Health Care","Equity",50206964.69,0.296996,,665081,"151020104","US1510201049","2182348",75.49,"United States","NASDAQ","USD",1,"-",2008-07-31
"PRU*","PRUDENTIAL FINANCIAL INC","Financials","Equity",45874567.86,0.271368,,665138,"744320102","US7443201022","B29FB62",68.97,"United States","Bolsa Mexicana De Valores","USD",1,"-",2008-07-31
"CCL","CARNIVAL CORP","Consumer Discretionary","Equity",24641159.46,0.145763,,667059,"143658300","PA1436583006","2523044",36.94,"United States","New York Stock Exchange Inc.","USD",1,"-",2008-07-31
"SWY","SAFEWAY INC","Consumer Staples","Equity",17876935.84,0.10575,,669047,"786514208","US7865142084","2767165",26.72,"United States","New York Stock Exchange Inc.","USD",1,"-",2008-07-31
"DVN","DEVON ENERGY CORP","Energy","Equity",64594374.81,0.382103,,680729,"25179M103","US25179M1036","2480677",94.89,"United States","New York Stock Exchange Inc.","USD",1,"-",2008-07-31
"BRCM","BROADCOM CORP CLASS A","Information Technology","Equity",16599713.17,0.098194,,683397,"111320107","US1113201073","2235822",24.29,"United States","NASDAQ","USD",1,"-",2008-07-31
"WIN","WINDSTREAM CORP.","Telecommunication Services","Equity",8169252.8,0.048325,,685340,"97381W104","US97381W1045","B180376",11.92,"United States","NASDAQ","USD",1,"-",2008-07-31
"GPS","GAP INC","Consumer Discretionary","Equity",11070700.16,0.065488,,686768,"364760108","US3647601083","2360326",16.12,"United States","New York Stock Exchange Inc.","USD",1,"-",2008-07-31
"NEM","NEWMONT","Materials","Equity",33237383.08,0.196613,,693023,"651639106","US6516391066","2636607",47.96,"United States","New York Stock Exchange Inc.","USD",1,"-",2008-07-31
"CAG","CONAGRA BRANDS INC","Consumer Staples","Equity",15055285.76,0.089058,,694432,"205887102","US2058871029","2215460",21.68,"United States","New York Stock Exchange Inc.","USD",1,"-",2008-07-31
"ETFC","E TRADE FINANCIAL CORP","Financials","Equity",2140361.58,0.012661,,708729,"269246401","US2692464017","2299011",3.02,"United States","NASDAQ","USD",1,"-",2008-07-31
"SLM","SLM CORP","Financials","Equity",12220507.74,0.07229,,713398,"78442P106","US78442P1066","2101967",17.13,"United States","NASDAQ","USD",1,"-",2008-07-31
"AAZ","ANADARKO PETROLEUM CORP","Energy","Equity",41337721.57,0.24453,,713827,"032511107","US0325111070","5864676",57.91,"United States","Boerse Berlin","USD",1,"-",2008-07-31
"IPG","INTERPUBLIC GROUP OF COMPANIES INC","Consumer Discretionary","Equity",6304583.55,0.037294,,717245,"460690100","US4606901001","2466321",8.79,"United States","New York Stock Exchange Inc.","USD",1,"-",2008-07-31
"YUM","YUM BRANDS INC","Consumer Discretionary","Equity",25907352.3,0.153253,,723265,"988498101","US9884981013","2098876",35.82,"United States","New York Stock Exchange Inc.","USD",1,"-",2008-07-31
"8686","AFLAC INC","Financials","Equity",40306572.88,0.238431,,724808,"001055102","US0010551028","6028824",55.61,"United States","Tokyo Stock Exchange","USD",1,"-",2008-07-31
"THC","TENET HEALTHCARE CORP.","Health Care","Equity",4220551.07,0.024966,,728938,"88033G100","US88033G1004","2626879",5.79,"United States","New York Stock Exchange Inc.","USD",1,"-",2008-07-31
"SOV","SOVEREIGN BANCORP INC.","Financials","Equity",6944811.43,0.041082,,729497,"845905108","US8459051087","2822600",9.52,"United States","New York Stock Exchange Inc.","USD",1,"-",2008-07-31
"TEL","TYCO ELECTRONICS LTD.","Information Technology","Equity",24183881.99,0.143058,,729749,"-","BMG9144P1059","B1YRRS0",33.14,"Switzerland","New York Stock Exchange Inc.","USD",1,"-",2008-07-31
"DC7","DISCOVER FINANCIAL SERVICES","Financials","Equity",10718789.87,0.063406,,731658,"254709108","US2547091080","B1ZB327",14.65,"United States","Boerse Berlin","USD",1,"-",2008-07-31
"CHK","CHESAPEAKE ENERGY CORP","Energy","Equity",36795506.35,0.217661,,733709,"165167107","US1651671075","2182779",50.15,"United States","New York Stock Exchange Inc.","USD",1,"-",2008-07-31
"TYC","TYCO INTERNATIONAL LTD.","Industrials","Equity",32793709.2,0.193989,,735945,"-","BMG9143X2082","B1YW9H8",44.56,"United States","New York Stock Exchange Inc.","USD",1,"-",2008-07-31
"KEY","KEYCORP","Financials","Equity",7795532.15,0.046114,,738913,"493267108","US4932671088","5700606",10.55,"United States","Boerse Berlin","USD",1,"-",2008-07-31
"AET","AETNA INC","Health Care","Equity",30345759.6,0.179508,,739960,"00817Y108","US00817Y1082","2695921",41.01,"United States","New York Stock Exchange Inc.","USD",1,"-",2008-07-31
"WM","WASTE MANAGEMENT INC","Industrials","Equity",26617967.32,0.157457,,748958,"94106L109","US94106L1098","2937667",35.54,"United States","New York Stock Exchange Inc.","USD",1,"-",2008-07-31
"DYNIQ","DYNEGY INC.","Utilities","Equity",5116442.12,0.030266,,760244,"26817G300","US26817G3002","B1VVRG3",6.73,"United States","Non-Nms Quotation Service (Nnqs)","USD",1,"-",2008-07-31
"COV","COVIDIEN LTD.","Health Care","Equity",37504236.88,0.221854,,761662,"-","BMG2552X1083","B1YR434",49.24,"Bermuda","New York Stock Exchange Inc.","USD",1,"-",2008-07-31
"EDS.","ELECTRONIC DATA SYSTEMS CORP.","Information Technology","Equity",19060456.17,0.112751,,768257,"285661104","US2856611049","2312736",24.81,"United States","New York Stock Exchange Inc.","USD",1,"-",2008-07-31
"MHS","MEDCO HEALTH SOLUTIONS INC","Health Care","Equity",38331091.28,0.226745,,773116,"58405U102","US58405U1025","2954019",49.58,"United States","New York Stock Exchange Inc.","USD",1,"-",2008-07-31
"CL","COLGATE-PALMOLIVE","Consumer Staples","Equity",57525011.53,0.340285,,774539,"194162103","US1941621039","2209106",74.27,"United States","New York Stock Exchange Inc.","USD",1,"-",2008-07-31
"PEG","PUBLIC SERVICE ENTERPRISE GROUP IN","Utilities","Equity",32431157,0.191844,,775865,"744573106","US7445731067","2707677",41.8,"United States","New York Stock Exchange Inc.","USD",1,"-",2008-07-31
"MMC","MARSH & MCLENNAN INC","Financials","Equity",22076499.25,0.130592,,781469,"571748102","US5717481023","2567741",28.25,"United States","New York Stock Exchange Inc.","USD",1,"-",2008-07-31
"UNP","UNION PACIFIC CORP","Industrials","Equity",65020592.88,0.384625,,788702,"907818108","US9078181081","2914734",82.44,"United States","New York Stock Exchange Inc.","USD",1,"-",2008-07-31
"ADP","AUTOMATIC DATA PROCESSING INC","Information Technology","Equity",33788777.91,0.199875,,791121,"053015103","US0530151036","2065308",42.71,"United States","NASDAQ","USD",1,"-",2008-07-31
"HCBK","HUDSON CITY BANCORP INC","Financials","Equity",14467124.1,0.085579,,792285,"443683107","US4436831071","2437952",18.26,"United States","NASDAQ","USD",1,"-",2008-07-31
"HST","HOST HOTELS & RESORTS REIT INC","Financials","Equity",10480304.43,0.061996,,799413,"44107P104","US44107P1049","2567503",13.11,"United States","NASDAQ","USD",1,"-",2008-07-31
"JNPR","JUNIPER NETWORKS INC","Information Technology","Equity",20813145.49,0.123119,,799583,"48203R104","US48203R1041","2431846",26.03,"United States","New York Stock Exchange Inc.","USD",1,"-",2008-07-31
"ANTM","WELLPOINT INC","Health Care","Equity",42110741.3,0.249103,,802874,"94973V107","US94973V1070","2794743",52.45,"United States","New York Stock Exchange Inc.","USD",1,"-",2008-07-31
"VLO","VALERO ENERGY CORP","Energy","Equity",26945666.15,0.159395,,806515,"91913Y100","US91913Y1001","2041364",33.41,"United States","New York Stock Exchange Inc.","USD",1,"-",2008-07-31
"ADBE","ADOBE INC","Information Technology","Equity",33564208.5,0.198547,,811710,"00724F101","US00724F1012","2008154",41.35,"United States","NASDAQ","USD",1,"-",2008-07-31
"XTO","XTO ENERGY INC","Energy","Equity",38668334.56,0.22874,,818724,"98385X106","US98385X1063","2236911",47.23,"United States","New York Stock Exchange Inc.","USD",1,"-",2008-07-31
"TFC","TRUIST FINANCIAL CORP","Financials","Equity",23376329.46,0.138281,,834273,"054937107","US0549371070","2830904",28.02,"United States","New York Stock Exchange Inc.","USD",1,"-",2008-07-31
"MON","MONSANTO","Materials","Equity",99738902.48,0.589998,,837368,"61166W101","US61166W1018","2654320",119.11,"United States","New York Stock Exchange Inc.","USD",1,"-",2008-07-31
"ALL","ALLSTATE CORP","Financials","Equity",38841115.66,0.229762,,840353,"020002101","US0200021014","2019952",46.22,"United States","New York Stock Exchange Inc.","USD",1,"-",2008-07-31
"NVDA","NVIDIA CORP","Information Technology","Equity",9706977.28,0.057421,,848512,"67066G104","US67066G1040","2379504",11.44,"United States","NASDAQ","USD",1,"-",2008-07-31
"MTLQQ","MOTORS LIQUIDATION CO","Consumer Discretionary","Equity",9570236.4,0.056612,,864520,"62010A105","US62010A1051","2365804",11.07,"United States","Non-Nms Quotation Service (Nnqs)","USD",1,"-",2008-07-31
"FITB","FIFTH THIRD BANCORP","Financials","Equity",12237622.21,0.072391,,875993,"316773100","US3167731005","2336747",13.97,"United States","NASDAQ","USD",1,"-",2008-07-31
"D","DOMINION ENERGY INC","Utilities","Equity",38953461.82,0.230426,,881699,"25746U109","US25746U1097","2542049",44.18,"United States","New York Stock Exchange Inc.","USD",1,"-",2008-07-31
"WMB","WILLIAMS INC","Energy","Equity",28583279.7,0.169082,,891834,"969457100","US9694571004","5727371",32.05,"United States","Deutsche Boerse Xetra","USD",1,"-",2008-07-31
"JCI","JOHNSON CONTROLS INC","Consumer Discretionary","Equity",27309337.12,0.161546,,905482,"478366107","US4783661071","2476803",30.16,"United States","New York Stock Exchange Inc.","USD",1,"-",2008-07-31
"SYY","SYSCO CORP","Consumer Staples","Equity",26003907.92,0.153824,,916922,"871829107","US8718291078","2868165",28.36,"United States","New York Stock Exchange Inc.","USD",1,"-",2008-07-31
"PA9","TRAVELERS COMPANIES INC","Financials","Equity",40705112,0.240788,,922600,"89417E109","US89417E1091","5828263",44.12,"United States","Boerse Muenchen","USD",1,"-",2008-07-31
"AMD","ADVANCED MICRO DEVICES INC","Information Technology","Equity",3890536.78,0.023014,,924118,"007903107","US0079031078","2007849",4.21,"United States","NASDAQ","USD",1,"-",2008-07-31
"CAT","CATERPILLAR INC","Industrials","Equity",65209273.36,0.385741,,937993,"149123101","US1491231015","4516310",69.52,"United States","SIX Swiss Exchange","USD",1,"-",2008-07-31
"BAX","BAXTER INTERNATIONAL INC","Health Care","Equity",65695515.81,0.388617,,957521,"071813109","US0718131099","4514626",68.61,"United States","SIX Swiss Exchange","USD",1,"-",2008-07-31
"VIAB","VIACOM INC CLASS B","Consumer Discretionary","Equity",26975464.43,0.159571,,965824,"92553P201","US92553P2011","B0SRLF4",27.93,"United States","NASDAQ","USD",1,"-",2008-07-31
"SE","SPECTRA ENERGY CORP","Energy","Equity",26255865.43,0.155315,,966355,"847560109","US8475601097","B1L60G9",27.17,"United States","New York Stock Exchange Inc.","USD",1,"-",2008-07-31
"LSI","LSI CORP","Information Technology","Equity",6788805.16,0.040159,,978214,"502161102","US5021611026","2498993",6.94,"United States","NASDAQ","USD",1,"-",2008-07-31
"ADM*","ARCHER DANIELS MIDLAND","Consumer Staples","Equity",28138050.71,0.166449,,982817,"039483102","US0394831020","B1SNWD4",28.63,"United States","Bolsa Mexicana De Valores","USD",1,"-",2008-07-31
"FMCC","FEDERAL HOME LOAN MORTGAGE CORP","Financials","Equity",8061543.25,0.047687,,986725,"313400301","US3134003017","2334150",8.17,"United States","Non-Nms Quotation Service (Nnqs)","USD",1,"-",2008-07-31
"EXC","EXELON CORP","Utilities","Equity",78694924.86,0.465514,,1000953,"30161N101","US30161N1019","2670519",78.62,"United States","NASDAQ","USD",1,"-",2008-07-31
"KR","KROGER","Consumer Staples","Equity",28561470.84,0.168953,,1009953,"501044101","US5010441013","2497406",28.28,"United States","New York Stock Exchange Inc.","USD",1,"-",2008-07-31
"AES","AES CORP","Utilities","Equity",16545081.72,0.097871,,1025098,"00130H105","US00130H1059","2002479",16.14,"United States","New York Stock Exchange Inc.","USD",1,"-",2008-07-31
"PGR","PROGRESSIVE CORP","Financials","Equity",20939067,0.123864,,1034028,"743315103","US7433151039","2705024",20.25,"United States","New York Stock Exchange Inc.","USD",1,"-",2008-07-31
"WFT","WEATHERFORD INTERNATIONAL LTD.","Energy","Equity",39136649.86,0.23151,,1037282,"-","BMG950891017","2962421",37.73,"United States","New York Stock Exchange Inc.","USD",1,"-",2008-07-31
"CBS","CBS CORP CLASS B","Consumer Discretionary","Equity",17012322.28,0.100635,,1039873,"124857202","US1248572026","B0SRLH6",16.36,"United States","New York Stock Exchange Inc.","USD",1,"-",2008-07-31
"RN7","REGIONS FINANCIAL CORP","Financials","Equity",10052610.96,0.059466,,1060402,"7591EP100","US7591EP1005","B01SFL8",9.48,"United States","Boerse Muenchen","USD",1,"-",2008-07-31
"LEHMQ","LEHMAN BROTHERS HOLDINGS INC.","Financials","Equity",18433130.94,0.10904,,1063041,"524908100","US5249081002","2510723",17.34,"United States","Non-Nms Quotation Service (Nnqs)","USD",1,"-",2008-07-31
"EP","EL PASO CORP.","Energy","Equity",19189259.76,0.113513,,1070232,"28336L109","US28336L1098","2295945",17.93,"United States","New York Stock Exchange Inc.","USD",1,"-",2008-07-31
"SPLS","STAPLES INC","Consumer Discretionary","Equity",24093157.5,0.142521,,1070807,"855030102","US8550301027","2841489",22.5,"United States","NASDAQ","USD",1,"-",2008-07-31
"MMM","3M","Industrials","Equity",75642220.24,0.447456,,1074616,"88579Y101","US88579Y1010","2595708",70.39,"United States","New York Stock Exchange Inc.","USD",1,"-",2008-07-31
"MRO","MARATHON OIL CORP","Energy","Equity",53418398.58,0.315993,,1079814,"565849106","US5658491064","2910970",49.47,"United States","New York Stock Exchange Inc.","USD",1,"-",2008-07-31
"SLE","SARA LEE CORP.","Consumer Staples","Equity",14755122.2,0.087283,,1080170,"803111103","US8031111037","2217109",13.66,"United States","New York Stock Exchange Inc.","USD",1,"-",2008-07-31
"MWZ","METLIFE INC","Financials","Equity",55019855.16,0.325466,,1083708,"59156R108","US59156R1086","5949841",50.77,"United States","Deutsche Boerse Xetra","USD",1,"-",2008-07-31
"DTV","DIRECTV GROUP INC.","Consumer Discretionary","Equity",29298623.62,0.173314,,1084331,"25459L106","US25459L1061","2226064",27.02,"United States","NASDAQ","USD",1,"-",2008-07-31
"BUD.2","ANHEUSER-BUSCH COMPANIES INC.","Consumer Staples","Equity",73728978.4,0.436139,,1088090,"035229103","US0352291035","2033004",67.76,"United States","New York Stock Exchange Inc.","USD",1,"-",2008-07-31
"SBUX","STARBUCKS CORP","Consumer Discretionary","Equity",16328640.12,0.096591,,1111548,"855244109","US8552441094","2842255",14.69,"United States","NASDAQ","USD",1,"-",2008-07-31
"LUV","SOUTHWEST AIRLINES","Industrials","Equity",17437664.44,0.103151,,1118516,"844741108","US8447411088","2831543",15.59,"United States","New York Stock Exchange Inc.","USD",1,"-",2008-07-31
"WU","WESTERN UNION","Information Technology","Equity",31219988.08,0.18468,,1129522,"959802109","US9598021098","B1F76F9",27.64,"United States","New York Stock Exchange Inc.","USD",1,"-",2008-07-31
"ALD","HONEYWELL INTERNATIONAL INC","Industrials","Equity",57495210.2,0.340109,,1130905,"438516106","US4385161066","4020822",50.84,"United States","Boerse Berlin","USD",1,"-",2008-07-31
"BA","BOEING","Industrials","Equity",70066770.48,0.414475,,1146568,"097023105","US0970231058","2108601",61.11,"United States","New York Stock Exchange Inc.","USD",1,"-",2008-07-31
"NCC","NATIONAL CITY CORP.","Financials","Equity",5496837.06,0.032516,,1162122,"635405103","US6354051038","2625047",4.73,"United States","New York Stock Exchange Inc.","USD",1,"-",2008-07-31
"MU","MICRON TECHNOLOGY INC","Information Technology","Equity",5625839.1,0.033279,,1164770,"595112103","US5951121038","2588184",4.83,"United States","NASDAQ","USD",1,"-",2008-07-31
"SO","SOUTHERN","Utilities","Equity",41419995.93,0.245017,,1170387,"842587107","US8425871071","2829601",35.39,"United States","New York Stock Exchange Inc.","USD",1,"-",2008-07-31
"TGT","TARGET CORP","Consumer Discretionary","Equity",53701805.15,0.317669,,1187305,"87612E106","US87612E1064","2259101",45.23,"United States","New York Stock Exchange Inc.","USD",1,"-",2008-07-31
"EMR","EMERSON ELECTRIC","Industrials","Equity",58033890.7,0.343295,,1191661,"291011104","US2910111044","2313405",48.7,"United States","New York Stock Exchange Inc.","USD",1,"-",2008-07-31
"JAVA","SUN MICROSYSTEMS","Information Technology","Equity",12709749.09,0.075184,,1195649,"866810203","US8668102036","2859954",10.63,"United States","NASDAQ","USD",1,"-",2008-07-31
"AA","ALCOA INC","Materials","Equity",41971635,0.24828,,1243604,"013817101","US0138171014","2021805",33.75,"United States","New York Stock Exchange Inc.","USD",1,"-",2008-07-31
"OXY","OCCIDENTAL PETROLEUM CORP","Energy","Equity",98722514.01,0.583986,,1252347,"674599105","US6745991058","2655408",78.83,"United States","New York Stock Exchange Inc.","USD",1,"-",2008-07-31
"SYMC","SYMANTEC INC","Information Technology","Equity",27027605.7,0.15988,,1282753,"871503108","US8715031089","2861078",21.07,"United States","NASDAQ","USD",1,"-",2008-07-31
"HAL","HALLIBURTON","Energy","Equity",59678188.56,0.353022,,1331508,"406216101","US4062161017","2405302",44.82,"United States","New York Stock Exchange Inc.","USD",1,"-",2008-07-31
"AAPL*","APPLE INC","Information Technology","Equity",213853237.4,1.265034,,1345412,"037833100","US0378331005","B011001",158.95,"United States","Bolsa Mexicana De Valores","USD",1,"-",2008-07-31
"XRX","XEROX CORP","Information Technology","Equity",18736026.76,0.110832,,1373609,"984121103","US9841211033","2985202",13.64,"United States","New York Stock Exchange Inc.","USD",1,"-",2008-07-31
"DD","E I DU PONT DE NEMOURS","Materials","Equity",60206768.7,0.356149,,1374270,"263534109","US2635341090","2018175",43.81,"United States","New York Stock Exchange Inc.","USD",1,"-",2008-07-31
"GILD","GILEAD SCIENCES INC","Health Care","Equity",75977983.58,0.449442,,1407521,"375558103","US3755581036","2369174",53.98,"United States","NASDAQ","USD",1,"-",2008-07-31
"SWG","CHARLES SCHWAB CORP","Financials","Equity",32442546.36,0.191912,,1417324,"808513105","US8085131055","B1BTQ59",22.89,"United States","Deutsche Boerse Xetra","USD",1,"-",2008-07-31
"DOW","DOW CHEMICAL","Materials","Equity",47271120.37,0.279629,,1419127,"260543103","US2605431038","2278719",33.31,"United States","New York Stock Exchange Inc.","USD",1,"-",2008-07-31
"UTX","RAYTHEON TECHNOLOGIES CORP","Industrials","Equity",95011259.7,0.562032,,1485015,"913017109","US9130171096","2915500",63.98,"United States","New York Stock Exchange Inc.","USD",1,"-",2008-07-31
"LLY","ELI LILLY","Health Care","Equity",71111555.69,0.420655,,1509479,"532457108","US5324571083","2516152",47.11,"United States","New York Stock Exchange Inc.","USD",1,"-",2008-07-31
"WAG","WALGREEN","Consumer Staples","Equity",51879773.12,0.306891,,1510768,"931422109","US9314221097","2934839",34.34,"United States","New York Stock Exchange Inc.","USD",1,"-",2008-07-31
"UPS","UNITED PARCEL SERVICE INC CLASS B","Industrials","Equity",98261734.56,0.58126,,1557732,"911312106","US9113121068","2517382",63.08,"United States","New York Stock Exchange Inc.","USD",1,"-",2008-07-31
"FNMA","FEDERAL NATIONAL MORTGAGE ASSOCIAT","Financials","Equity",18680209,0.110501,,1624366,"313586109","US3135861090","2333889",11.5,"United States","Non-Nms Quotation Service (Nnqs)","USD",1,"-",2008-07-31
"AMGN","AMGEN INC","Health Care","Equity",104057239.8,0.615543,,1661460,"031162100","US0311621009","2023607",62.63,"United States","NASDAQ","USD",1,"-",2008-07-31
"EBAY","EBAY INC","Information Technology","Equity",42441150.6,0.251058,,1686180,"278642103","US2786421030","2293819",25.17,"United States","NASDAQ","USD",1,"-",2008-07-31
"MS","MORGAN STANLEY","Financials","Equity",66690524.04,0.394503,,1689223,"617446448","US6174464486","2262314",39.48,"United States","New York Stock Exchange Inc.","USD",1,"-",2008-07-31
"MDT","MEDTRONIC PLC","Health Care","Equity",90529646.49,0.535522,,1713603,"585055106","US5850551061","2575465",52.83,"United States","New York Stock Exchange Inc.","USD",1,"-",2008-07-31
"MCD","MCDONALDS CORP","Consumer Discretionary","Equity",103416969.3,0.611756,,1729670,"580135101","US5801351017","2550707",59.79,"United States","New York Stock Exchange Inc.","USD",1,"-",2008-07-31
"BK","BANK OF NEW YORK MELLON CORP","Financials","Equity",61953109.04,0.366479,,1745158,"064058100","US0640581007","B1Z77F6",35.5,"United States","New York Stock Exchange Inc.","USD",1,"-",2008-07-31
"AEC1","AMERICAN EXPRESS","Financials","Equity",65608189.44,0.388101,,1767462,"025816109","US0258161092","4028440",37.12,"United States","Boerse Berlin","USD",1,"-",2008-07-31
"SLBA","SCHLUMBERGER LTD.","Energy","Equity",184982408.8,1.09425,,1820693,"-","AN8068571086","4779232",101.6,"United States","Euronext Amsterdam","USD",1,"-",2008-07-31
"UNH","UNITEDHEALTH GROUP INC","Health Care","Equity",52626862.08,0.311311,,1874176,"91324P102","US91324P1021","2917766",28.08,"United States","New York Stock Exchange Inc.","USD",1,"-",2008-07-31
"DUK","DUKE ENERGY CORP.","Utilities","Equity",33933654.36,0.200732,,1930242,"26441C105","US26441C1053","B127425",17.58,"United States","New York Stock Exchange Inc.","USD",1,"-",2008-07-31
"TXN","TEXAS INSTRUMENT INC","Information Technology","Equity",49183114.9,0.290939,,2017355,"882508104","US8825081040","2885409",24.38,"United States","NASDAQ","USD",1,"-",2008-07-31
"WYE","WYETH","Health Care","Equity",82438669.36,0.48766,,2034518,"983024100","US9830241009","2027104",40.52,"United States","New York Stock Exchange Inc.","USD",1,"-",2008-07-31
"BSX","BOSTON SCIENTIFIC CORP","Health Care","Equity",24407792,0.144383,,2052800,"101137107","US1011371077","2113434",11.89,"United States","New York Stock Exchange Inc.","USD",1,"-",2008-07-31
"AMAT","APPLIED MATERIAL INC","Information Technology","Equity",35805445.48,0.211805,,2067289,"038222105","US0382221051","2046552",17.32,"United States","NASDAQ","USD",1,"-",2008-07-31
"MER","MERRILL LYNCH & CO. INC.","Financials","Equity",55513202.55,0.328384,,2083047,"590188108","US5901881087","2580986",26.65,"United States","New York Stock Exchange Inc.","USD",1,"-",2008-07-31
"IBM","INTERNATIONAL BUSINESS MACHINES CO","Information Technology","Equity",268253118.9,1.586832,,2096055,"459200101","US4592001014","2005973",127.98,"United States","New York Stock Exchange Inc.","USD",1,"-",2008-07-31
"AABA","ALTABA INC","Information Technology","Equity",41746285.62,0.246947,,2098858,"984332106","US9843321061","2986539",19.89,"United States","NASDAQ","USD",1,"-",2008-07-31
"CVS","CVS HEALTH CORP","Consumer Staples","Equity",79607193.51,0.470911,,2181019,"126650100","US1266501006","2577609",36.5,"United States","New York Stock Exchange Inc.","USD",1,"-",2008-07-31
"LOW","LOWES COMPANIES INC","Consumer Discretionary","Equity",45376510.72,0.268422,,2233096,"548661107","US5486611073","2536763",20.32,"United States","New York Stock Exchange Inc.","USD",1,"-",2008-07-31
"WAMUQ","WASHINGTON MUTUAL CORP","Financials","Equity",12074395.45,0.071425,,2265365,"939322103","US9393221034","2942188",5.33,"United States","Non-Nms Quotation Service (Nnqs)","USD",1,"-",2008-07-31
"KFT","KRAFT FOODS INC A","Consumer Staples","Equity",73613883.52,0.435458,,2313447,"50075N104","US50075N1046","2764296",31.82,"United States","NASDAQ","USD",1,"-",2008-07-31
"QWST","QWEST COMMUNICATIONS INTERNATIONAL","Telecommunication Services","Equity",8927955.97,0.052813,,2331059,"749121109","US7491211097","2034494",3.83,"United States","New York Stock Exchange Inc.","USD",1,"-",2008-07-31
"COP","CONOCOPHILLIPS","Energy","Equity",192121073.76,1.136479,,2353848,"20825C104","US20825C1045","2685717",81.62,"United States","New York Stock Exchange Inc.","USD",1,"-",2008-07-31
"ABT","ABBOTT LABORATORIES","Health Care","Equity",132682840.92,0.784876,,2355038,"002824100","US0028241000","2002305",56.34,"United States","New York Stock Exchange Inc.","USD",1,"-",2008-07-31
"GLW","CORNING INC","Information Technology","Equity",48059117.55,0.28429,,2401755,"219350105","US2193501051","2224701",20.01,"United States","New York Stock Exchange Inc.","USD",1,"-",2008-07-31
"PEP","PEPSICO INC","Consumer Staples","Equity",161102289.92,0.952989,,2420407,"713448108","US7134481081","2681511",66.56,"United States","NASDAQ","USD",1,"-",2008-07-31
"QCI","QUALCOMM INC","Information Technology","Equity",136695278.66,0.808611,,2470099,"747525103","US7475251036","5382468",55.34,"United States","Deutsche Boerse Xetra","USD",1,"-",2008-07-31
"MRK","MERCK & CO INC","Health Care","Equity",52126687.24,0.308352,,2472803,"58933Y105","US58933Y1055","2778844",21.08,"United States","New York Stock Exchange Inc.","USD",1,"-",2008-07-31
"HD","HOME DEPOT INC","Consumer Discretionary","Equity",61700921.96,0.364987,,2589212,"437076102","US4370761029","2434209",23.83,"United States","New York Stock Exchange Inc.","USD",1,"-",2008-07-31
"USB","US BANCORP","Financials","Equity",81294650.2,0.480893,,2655820,"902973304","US9029733048","2736035",30.61,"United States","New York Stock Exchange Inc.","USD",1,"-",2008-07-31
"DIS","WALT DISNEY","Consumer Discretionary","Equity",88229695.9,0.521917,,2907074,"254687106","US2546871060","2270726",30.35,"United States","New York Stock Exchange Inc.","USD",1,"-",2008-07-31
"BMY","BRISTOL MYERS SQUIBB","Health Care","Equity",63812981.76,0.377481,,3021448,"110122108","US1101221083","2126335",21.12,"United States","New York Stock Exchange Inc.","USD",1,"-",2008-07-31
"KO","COCA-COLA","Consumer Staples","Equity",156992033.5,0.928675,,3048389,"191216100","US1912161007","2206657",51.5,"United States","New York Stock Exchange Inc.","USD",1,"-",2008-07-31
"DELL","DELL INC.","Information Technology","Equity",75770587.62,0.448216,,3083866,"24702R101","US24702R1014","2261526",24.57,"United States","NASDAQ","USD",1,"-",2008-07-31
"EMC","EMC CORP","Information Technology","Equity",47330642.74,0.279981,,3153274,"268648102","US2686481027","2295172",15.01,"United States","New York Stock Exchange Inc.","USD",1,"-",2008-07-31
"CVX","CHEVRON CORP","Energy","Equity",266917276.08,1.57893,,3156543,"166764100","US1667641005","2838555",84.56,"United States","New York Stock Exchange Inc.","USD",1,"-",2008-07-31
"MO","ALTRIA GROUP INC","Consumer Staples","Equity",65042731.05,0.384756,,3196203,"02209S103","US02209S1033","2692632",20.35,"United States","New York Stock Exchange Inc.","USD",1,"-",2008-07-31
"PM","PHILIP MORRIS INTERNATIONAL INC","Consumer Staples","Equity",166255048.7,0.98347,,3218878,"718172109","US7181721090","B2PKRQ3",51.65,"United States","New York Stock Exchange Inc.","USD",1,"-",2008-07-31
"WB","WACHOVIA CORP.","Financials","Equity",56324844.35,0.333186,,3261427,"929903102","US9299031024","2341860",17.27,"United States","New York Stock Exchange Inc.","USD",1,"-",2008-07-31
"MRK","MERCK & CO INC","Health Care","Equity",107762140.5,0.637459,,3275445,"589331107","US5893311077","2578312",32.9,"United States","New York Stock Exchange Inc.","USD",1,"-",2008-07-31
"F","FORD MOTOR","Consumer Discretionary","Equity",16412399.98,0.097086,,3419250,"345370860","US3453708600","4232490",4.8,"United States","SIX Swiss Exchange","USD",1,"-",2008-07-31
"MOT","MOTOROLA INC","Information Technology","Equity",29753723.52,0.176006,,3443718,"620076109","US6200761095","2606600",8.64,"United States","New York Stock Exchange Inc.","USD",1,"-",2008-07-31
"NCRA","NEWS CORP. CL A","Consumer Discretionary","Equity",49633334.73,0.293603,,3512621,"65248E104","US65248E1047","B03DQ41",14.13,"United States","NASDAQ","USD",1,"-",2008-07-31
"WMT","WALMART INC","Consumer Staples","Equity",208149361.5,1.231293,,3550825,"931142103","US9311421039","2961280",58.62,"United States","Bolsa De Valores De Lima","USD",1,"-",2008-07-31
"HPQ","HEWLETT PACKARD","Information Technology","Equity",168603411.2,0.997362,,3763469,"428236103","US4282361033","2424006",44.8,"United States","New York Stock Exchange Inc.","USD",1,"-",2008-07-31
"AIG*","AMERICAN INTERNATIONAL GROUP INC","Financials","Equity",106879711.42,0.632239,,4102868,"026874784","US0268747849","B00PHX6",26.05,"United States","Bolsa Mexicana De Valores","USD",1,"-",2008-07-31
"JNJ","JOHNSON & JOHNSON","Health Care","Equity",294479131.03,1.741971,,4300849,"478160104","US4781601046","2475833",68.47,"United States","New York Stock Exchange Inc.","USD",1,"-",2008-07-31
"VZ","VERIZON COMMUNICATIONS INC","Telecommunication Services","Equity",148076518.96,0.875936,,4350074,"92343V104","US92343V1044","2090571",34.04,"United States","New York Stock Exchange Inc.","USD",1,"-",2008-07-31
"S","SPRINT NEXTEL CORP","Telecommunication Services","Equity",35421332.06,0.209532,,4351515,"852061100","US8520611000","2922447",8.14,"United States","New York Stock Exchange Inc.","USD",1,"-",2008-07-31
"CMCSA","COMCAST CORP CLASS A","Consumer Discretionary","Equity",93160623.9,0.551085,,4517974,"20030N101","US20030N1019","2044545",20.62,"United States","NASDAQ","USD",1,"-",2008-07-31
"PG","PROCTER & GAMBLE","Consumer Staples","Equity",305082844.48,1.804696,,4659176,"742718109","US7427181091","2704407",65.48,"United States","New York Stock Exchange Inc.","USD",1,"-",2008-07-31
"WFC*","WELLS FARGO","Financials","Equity",152556077.88,0.902435,,5039844,"949746101","US9497461015","B045BZ2",30.27,"United States","Bolsa Mexicana De Valores","USD",1,"-",2008-07-31
"JPM","JPMORGAN CHASE","Financials","Equity",214104701.23,1.266521,,5269621,"-","US46625H1005","0190031",40.63,"United States","London Stock Exchange","USD",1,"-",2008-07-31
"TWX","TIME WARNER INC.","Consumer Discretionary","Equity",78186455.36,0.462506,,5459948,"887317105","US8873171057","2712165",14.32,"United States","New York Stock Exchange Inc.","USD",1,"-",2008-07-31
"ORCL","ORACLE CORP","Information Technology","Equity",130322166.5,0.770912,,6053050,"68389X105","US68389X1054","2661568",21.53,"United States","New York Stock Exchange Inc.","USD",1,"-",2008-07-31
"BAC","BANK OF AMERICA CORP","Financials","Equity",228900532.72,1.354045,,6957463,"060505104","US0605051046","BHZL9B0",32.9,"United States","SIX Swiss Exchange","USD",1,"-",2008-07-31
"XOM","EXXON MOBIL CORP","Energy","Equity",648566608.2,3.83655,,8063740,"30231G102","US30231G1022","2326618",80.43,"United States","New York Stock Exchange Inc.","USD",1,"-",2008-07-31
"0R01","CITIGROUP INC","Financials","Equity",155273697.81,0.918511,,8307849,"172967424","US1729674242","B0ZC1L8",18.69,"United States","London Stock Exchange","USD",1,"-",2008-07-31
"INCO","INTEL CORPORATION CORP","Information Technology","Equity",193967649.61,1.147402,,8741219,"458140100","US4581401001","5923652",22.19,"United States","Euronext Amsterdam","USD",1,"-",2008-07-31
"CSCO","CISCO SYSTEMS INC","Information Technology","Equity",198231603.75,1.172625,,9014625,"17275R102","US17275R1023","2198163",21.99,"United States","NASDAQ","USD",1,"-",2008-07-31
"T","AT&T INC","Telecommunication Services","Equity",279339974.16,1.652416,,9066536,"00206R102","US00206R1023","2831811",30.81,"United States","New York Stock Exchange Inc.","USD",1,"-",2008-07-31
"PFE","PFIZER INC","Health Care","Equity",192749416.07,1.140196,,10324018,"717081103","US7170811035","2684703",18.67,"United States","New York Stock Exchange Inc.","USD",1,"-",2008-07-31
"BGIXX","BLK CASH FUND INST INST CLASS","S-T Securities","Cash",11128000.15,0.065827,,11128000.15,"066922790","US0669227904","2698210",1,"United States","-","USD",1,"-",2008-07-31
"MSFT","MICROSOFT CORP","Information Technology","Equity",314382452.96,1.859707,,12223268,"594918104","US5949181045","2588173",25.72,"United States","NASDAQ","USD",1,"-",2008-07-31
"GEC","GENERAL ELECTRIC","Industrials","Equity",430335541.62,2.54562,,15211578,"369604103","US3696041033","5254471",28.29,"United States","Deutsche Boerse Xetra","USD",1,"-",2008-07-31
